slug,date,title,youtube_id,other_url
%e5%8a%89%e5%ae%a5%e8%be%b0-%e5%be%9e%e6%b7%b7%e4%ba%82%e5%88%b0%e7%b5%84%e7%b9%94%ef%bc%9addd-%e8%88%87-clean-architecture-%e7%9a%84%e6%8c%81%e7%ba%8c%e7%b2%be%e9%80%b2%e6%8c%91%e6%88%b0%e4%b9%8b,2022-12-15,劉宥辰 - 從混亂到組織：DDD 與 Clean Architecture 的持續精進挑戰之道,AiQgpOXk2kk,
%e6%b0%b4%e7%90%83%e6%bd%98-%e6%96%b0%e5%89%b5%e5%88%b0%e5%ba%95%e9%81%a9%e4%b8%8d%e9%81%a9%e5%90%88%e8%b5%b0-ddd-%ef%bc%9f-%e5%b0%b1%e8%ae%93%e6%88%91%e5%85%ac%e5%8f%b8%e7%95%b6%e7%99%bd%e8%80%81,2022-12-27,水球潘 -  新創到底適不適合走 DDD ？ 就讓我公司當白老鼠走一次 Scrum x DDD 試試看吧,wtubL3MIOq8,
%e7%a8%8b%e7%ab%a0%e5%b0%a7-ddd-applied-introducing-tdd-while-breaking-down-legacy-monolith,2022-12-24,程章尧 - DDD Applied: Introducing TDD while breaking down legacy monolith,LpSY2VQbU6M,
%e8%92%bc%e6%99%82%e5%bc%a6%e4%b9%9f-%e5%b0%8e%e5%85%a5-domain-driven-design-%e7%9a%84%e6%9c%80%e4%bd%b3%e6%99%82%e6%a9%9f,2022-12-21,蒼時弦也 - 導入 Domain-Driven Design 的最佳時機,NJYUtttySac,
2020-ddd-conference-day1-recap-video,2019-12-12,2020 DDD Conference Day1 Recap Video,ezEALMvRxJY,
2020-ddd-conference-day2-recap-video,2019-12-20,2020 DDD Conference Day2 Recap Video,WZzdLfewgfw,
2020-dddtw-%e5%b9%b4%e6%9c%83-%e5%88%a9%e7%94%a8%e5%a4%96%e5%8c%85%e8%b3%87%e6%ba%90%e5%bc%b7%e5%8c%96%e5%85%a7%e9%83%a8%e9%96%8b%e7%99%bc%e6%b5%81%e7%a8%8b%e5%96%84%e7%94%a8%e5%be%ae%e6%9c%8d,2019-12-21,[2020 DDDTW 年會]  利用外包資源強化內部開發流程善用微服務特性進行工作切割 - Paul 施政源,oSbtUF-XQ_U,
2020-dddtw-%e5%b9%b4%e6%9c%83-%e5%9c%98%e9%9a%8a%e5%b7%a5%e4%bd%9c%e6%b5%81%e7%a8%8b%e7%9a%84%e8%bf%ad%e4%bb%a3%e8%88%87%e6%94%b9%e5%96%84-sam-%e9%bb%83%e4%b8%96%e9%8a%98,2019-12-11,[2020 DDDTW 年會] 團隊工作流程的迭代與改善 - Sam 黃世銘,IqDDZJqOGaY,
2020-dddtw-%e5%b9%b4%e6%9c%83-%e5%b0%87%e7%ae%a1%e7%90%86%e7%9a%84%e9%9c%80%e6%b1%82%e8%a6%8f%e6%a0%bc%e8%90%bd%e5%9c%b0-kevin-%e9%bb%83%e5%86%a0%e8%9e%8d,2019-12-02,[2020 DDDTW 年會] 將管理的需求規格落地 - Kevin 黃冠融,O4MEdP4gAyg,
2020-dddtw-%e5%b9%b4%e6%9c%83-%e9%82%8a%e7%95%8c%e5%8a%83%e5%88%86%e7%9a%84%e8%97%9d%e8%a1%93-%e5%af%a6%e8%b8%90%e4%ba%8b%e4%bb%b6%e9%a9%85%e5%8b%95%e7%9a%84%e5%be%ae%e6%9c%8d%e5%8b%99-michael,2019-12-19,[2020 DDDTW 年會] 邊界劃分的藝術-實踐事件驅動的微服務 - Michael 孫翊軒,NGvJXcJ2e98,
2020-dddtw-%e5%b9%b4%e6%9c%83-%e9%87%91%e8%9e%8d%e6%a5%ad%e5%b0%8e%e5%85%a5%e9%a0%98%e5%9f%9f%e9%a9%85%e5%8b%95%e8%a8%ad%e8%a8%88%e4%b9%8b%e6%87%89%e7%94%a8%e5%af%a6%e4%be%8b-otto-%e9%a1%8f,2019-12-15,[2020 DDDTW 年會] 金融業導入領域驅動設計之應用實例 - Otto 顏勝豪,zMRL20HYM5Q,
2020-dddtw-%e5%b9%b4%e6%9c%83-%e9%9d%9e%e6%8a%80%e8%a1%93%e8%83%8c%e6%99%af%e7%9a%84pm%e8%a9%b2%e5%a6%82%e4%bd%95%e5%81%9a%e5%a5%bd%e9%9c%80%e6%b1%82%e8%a8%aa%e8%ab%87%ef%bc%9f-mia-%e6%9d%8e,2019-12-03,[2020 DDDTW 年會] 非技術背景的PM該如何做好需求訪談？ - Mia 李孟萱,yR2qPJZmBJI,
2020-dddtw-%e5%b9%b4%e6%9c%83-cqrs-%e8%88%87-saga-%e8%a7%a3%e6%b1%ba%e5%be%ae%e6%9c%8d%e5%8b%99%e4%bb%80%e9%ba%bc%e5%95%8f%e9%a1%8c-rex-%e7%8e%8b%e9%88%9e%e5%b9%b3,2019-12-10,[2020 DDDTW 年會] CQRS 與 SAGA 解決微服務什麼問題 - Rex 王鈞平,crS6htkx6LU,
2020-dddtw-%e5%b9%b4%e6%9c%83-ddd-15%e5%b9%b4%e6%96%87%e7%ab%a0%e5%b0%8e%e8%ae%80%e8%88%87%e7%9b%b8%e9%97%9c%e6%a1%88%e4%be%8b%e4%bb%8b%e7%b4%b9-richard-%e8%98%87%e7%ab%8b%e7%be%a4,2019-12-16,[2020 DDDTW 年會] DDD 15年文章導讀與相關案例介紹 -  Richard 蘇立群,5ApoW8eKwvc,
2020-dddtw-%e5%b9%b4%e6%9c%83-ddd-clean-architecture-%e5%be%9e%e9%9c%80%e6%b1%82%e5%88%b0%e5%af%a6%e4%bd%9c-teddy-%e9%99%b3%e5%bb%ba%e6%9d%91,2019-12-23,[2020 DDDTW 年會] DDD + Clean Architecture 從需求到實作 - Teddy 陳建村,5THBVeKtJr8,
2021-dddesign-taiwan-pre-session-domain-driven-design-why-how,2022-12-11,2021 DDDesign Taiwan Pre Session - Domain Driven Design Why & How,eYpdxIZZvGw,
2023-dddesign-taiwan-conference-9-17-%e7%b7%9a%e4%b8%8a%e5%a0%b4-%e9%99%90%e5%b9%b4%e6%9c%83%e5%a0%b1%e5%90%8d%e6%9c%83%e7%9c%be,2022-12-22,2023 DDDesign Taiwan Conference 9/17 線上場 (限年會報名會眾),aiS5exVkVc4,
404-model-not-found-livecoding-thomas-coopman,2024-02-26,404 Model not found: Livecoding - Thomas Coopman,TdFGHyh_YJY,
50-000-orange-stickies-later-alberto-brandolini-kandddinsky-2017,2018-10-17,50.000 orange stickies later - Alberto Brandolini - KanDDDinsky 2017,cG-G6tNCGqY,
8-years-of-eventsourcing-cqrs-bettermarks-the-good-the-bad-and-the-ugly-york-yaar-saurabh,2021-10-26,"8 years of EventSourcing/CQRS @ bettermarks: The good, the bad and the ugly - York, Ya'ar &amp; Saurabh",xThKk08CRLY,
a-commune-in-the-ivory-tower-a-new-approach-to-architecture-ddd-europe-2022,2017-10-19,A Commune in the Ivory Tower? - A New Approach to Architecture - DDD Europe 2022,ogv4lUOtMb0,
a-different-take-on-context-mapping-marijn-huizendveld-ddd-europe-2020-marijn-huizendveld,2018-11-08,A different take on (context) mapping - Marijn Huizendveld - DDD Europe 2020 Marijn Huizendveld,QF3R6dJi2ic,
a-practical-introduction-to-ddd-cqrs-event-sourcing-dennis-doomen-kandddinsky-2019,2021-05-26,"A practical introduction to DDD, CQRS & Event Sourcing - Dennis Doomen -  KanDDDinsky 2019",r26BuahD8aM,
a-recipe-for-model-driven-development-carla-arauco-ddd-europe-2019,2019-05-21,A recipe for Model Driven Development - Carla Arauco - DDD Europe 2019,MPqEjatWFzI,
a-story-of-mob-programming-testing-and-everything-elisabeth-hocke-ddd-europe-2020,2018-11-08,"A Story of Mob Programming, Testing and Everything - Elisabeth Hocke - DDD Europe 2020",-wGmG7VuXns,
abstractions-as-bridges-with-hazel-weakly,2025-01-21,Abstractions as bridges with Hazel Weakly,67ufd370cFY,
accelerate-marcello-pauli-kandddinsky-2019,2021-05-27,Accelerate - Marcello Pauli - KanDDDinsky 2019,ENJWCtpDhwg,
actors-can-rule-your-ddd-world-hannes-lowette,2022-01-03,Actors can rule your DDD world - Hannes Lowette,ObrPCJ3YtFE,
adam-tornhill-talk-session-prioritizing-technical-debt-as-if-time-and-money-matters,2019-12-08,Adam Tornhill - Talk Session: Prioritizing Technical Debt as if Time and Money Matters,KV75YcFoWTo,
aiding-bounded-contexts-design-with-design-heuristics-kamil-szymanski-ddd-europe-2021,2016-04-11,Aiding bounded contexts design with design heuristics - Kamil Szymanski - DDD Europe 2021,FKnblOiUc5M,
alberto-brandolini-50000-orange-stickies-later,2023-03-01,"Alberto Brandolini - 50,000 Orange Stickies Later",1i6QYvYhlYQ,
alberto-brandolini-keynote-the-gordian-knot-%e2%86%92-hatching-software-development-ecosystems,2019-12-07,Alberto Brandolini - Keynote: The Gordian Knot → Hatching Software Development Ecosystems,Aanys09blCw,
alberto-brandolini-the-precision-blade,2021-12-27,Alberto Brandolini — The Precision Blade,lG46Yo_9DPc,
alberto-brandolini-transactions-redefined,2020-10-05,Alberto Brandolini - Transactions Redefined,NqKNqIsB8_k,
aligning-bounded-contexts-with-subdomains-in-legacy-code-mufrid-krilic,2022-01-03,Aligning Bounded Contexts with Subdomains in Legacy Code - Mufrid Krilic,mZOfRm1Gv68,
aligning-organisational-technical-boundaries-to-maximise-team-autonomy-nick-tune,2020-10-02,Aligning Organisational & Technical Boundaries to Maximise Team Autonomy — Nick Tune,5bgxzaHCyCs,
allard-buijze-pragmatic-event-driven-microservices,2023-04-12,Allard Buijze - Pragmatic Event-Driven (Micro)Services,Amcv06xxSD8,
allard-buijze-talk-session-the-inconveniences-of-event-sourcing,2018-01-28,Allard Buijze - Talk Session: The Inconveniences of Event Sourcing,n_IM3omQUyg,
an-experience-report-using-ddd-in-a-real-life-project-anita-kvamme-ddd-europe-2019,2019-12-21,An Experience Report Using DDD in a Real Life Project - Anita Kvamme - DDD Europe 2019,I88jOTBVU1U,
an-introduction-to-domain-storytelling,2020-02-18,An Introduction to Domain Storytelling,d9k9Szkdprk,
an-introduction-to-residuality-theory-barry-oreilly-ddd-europe-2022,2017-10-19,An Introduction to Residuality Theory - Barry O'Reilly - DDD Europe 2022,MZytZW_k-9Y,
an-introduction-to-residuality-theory-by-barry-m-oreilly,2022-10-25,An Introduction to Residuality Theory by Barry M O'Reilly,ZAoHBOVgmr4,
anchor-modelling-agile-databases-steph-locke-ddd-europe-2019,2020-07-13,Anchor Modelling   agile databases - Steph Locke    - DDD Europe 2019,QY0kpIK2tCY,
anita-kvamme-talk-session-modelling-the-domain-model-with-the-users-mental-model-in-mind,2018-12-04,Anita Kvamme - Talk Session: Modelling the Domain Model with the User's Mental Model in Mind,Ef9H4fMyiYs,
antifragile-designing-the-systems-of-the-future-barry-oreilly-ddd-europe-2019,2019-12-21,Antifragile Designing the Systems of the Future - Barry O'Reilly - DDD Europe 2019,pMfzxmCzThI,
applying-ddd-oleg-kutyrin-and-juergen-heymann-ddd-europe-2020,2018-11-21,Applying DDD - Oleg Kutyrin and Juergen Heymann - DDD Europe 2020,iI-y3HT8m2o,
architecting-apollo-systems-design-lessons-from-the-golden-age-of-spaceflight-kyle-kotowick,2023-12-27,Architecting Apollo: Systems Design Lessons from the Golden Age of Spaceflight - Kyle Kotowick,Yr_G8pQtQuQ,
architects-survival-guide-to-healthcare-sonya-natanzon-ddd-europe-2020,2018-06-12,Architect’s Survival Guide to Healthcare - Sonya Natanzon - DDD Europe 2020,oQY_pAFx6Kc,
architecture-as-enabler-of-organizations-flow-of-change-eduardo-da-silva,2022-04-06,Architect(ure) as Enabler of Organization’s Flow of Change - Eduardo da Silva,5oTIWo2706E,
architecture-decisions-a-case-study-konstantin-kudryashov-ddd-europe-2020,2018-09-17,Architecture Decisions: A Case Study - Konstantin Kudryashov - DDD Europe 2020,x5YmBevdjVg,
architecture-for-flow-wardley-mapping-ddd-and-team-topologies-susanne-kaiser-ddd-europe-2022,2017-10-19,"Architecture for Flow - Wardley Mapping, DDD, and Team Topologies - Susanne Kaiser - DDD Europe 2022",Lfzph_5wb9c,
architecture-for-flow-with-wardley-mapping-ddd-and-team-topologies-susanne-kaiser,2021-10-26,"Architecture for Flow with Wardley Mapping, DDD, and Team Topologies - Susanne Kaiser",UbP1d10OTeM,
architecture-the-stuff-thats-hard-to-change-dylan-beattie,2019-10-05,Architecture: The Stuff That's Hard to Change - Dylan Beattie -,umazvrMrkME,
are-you-in-or-are-you-out-philippus-baalman-ddd-europe-2018,2020-10-14,Are You In or Are You Out? - Philippus Baalman - DDD Europe 2018,o1g-I3H3cs4,
arriettys-song-the-secret-world-of-arrietty-arriettys-song-%e5%80%9f%e3%82%8a%e3%81%90%e3%82%89%e3%81%97%e3%81%ae%e3%82%a2%e3%83%aa%e3%82%a8%e3%83%83%e3%83%86%e3%82%a3,2019-12-09,Arrietty's Song - The Secret World of Arrietty / Arrietty's Song - 借りぐらしのアリエッティ,mkJv0piGKFw,
arty-starr-talk-session-anatomy-of-communication,2019-12-01,Arty Starr - Talk Session: Anatomy of Communication,6eTfF4N_pEI,
as-time-goes-by-a-bi-temporal-event-sourcing-story-thomas-pierrain-ddd-europe-2018,2020-10-14,As Time Goes By… (a Bi-temporal Event Sourcing story) - Thomas Pierrain - DDD Europe 2018,xzekp1RuZbM,
autonomy-asynchrony-the-key-to-designing-reliable-systems-indu-alagarsamy-ddd-europe-2018,2020-10-14,Autonomy & Asynchrony: The key to designing reliable systems - Indu Alagarsamy - DDD Europe 2018,IlEySNyzlPo,
balancing-coupling-in-software-design-vladik-khononov,2022-05-21,Balancing Coupling in Software Design - Vladik Khononov,z15erm3pBmk,
balancing-upfront-design-versus-iterative-design,2020-06-25,Balancing upfront design versus iterative design,6Mzff5zbQ6c,
behavioral-programming-aligning-code-with-how-we-think-luca-matteis-ddd-europe-2020,2018-11-27,Behavioral Programming: Aligning Code with How We Think - Luca Matteis - DDD Europe 2020,1oKzTrq0gMM,
beyond-consumer-driven-contract-testing-nicole-rauch-kandddinsky-2018,2019-10-05,Beyond Consumer-Driven Contract Testing - Nicole Rauch - KanDDDinsky 2018,n5QFe6uwWHI,
beyond-producers-and-consumers-avoiding-common-issues-with-event-driven-architectures-david-boyne,2023-12-09,Beyond producers and consumers: Avoiding common issues with event-driven architectures - David Boyne,8jGJbtb88YA,
beyond-the-hexagonal-architecture-functional-core,2021-02-02,Beyond the hexagonal architecture: Functional Core & ...,SAjsP2igBNk,
boost-your-productivity-and-confidence-with-docker-borislav-borisov-ddd-europe-2020,2019-01-03,Boost your productivity and confidence with Docker - Borislav Borisov - DDD Europe 2020,tFEN0p0fVek,
bounded-contexts-cyrille-martraire-ddd-europe-2019,2019-12-21,Bounded Contexts - Cyrille Martraire - DDD Europe 2019,ZEJ2Vyk1HA0,
bounded-contexts-eric-evans-ddd-europe-2020,2017-10-30,Bounded Contexts - Eric Evans - DDD Europe 2020,am-HXycfalo,
bounded-contexts-for-team-organization-cyrille-martraire-ddd-europe-2020,2017-05-10,Bounded Contexts for Team Organization - Cyrille Martraire - DDD Europe 2020,nl35cA4uFu8,
bounded-contexts-manage-the-understandability-of-your-systems-mathias-verraes,2023-12-15,Bounded Contexts: Manage the Understandability of Your Systems - Mathias Verraes,-YYleNm4C7s,
bounded-contexts-microservices-and-everything-in-between-vladik-khononov-kandddinsky-2018,2019-10-05,"Bounded Contexts, Microservices, and Everything In Between - Vladik Khononov - KanDDDinsky 2018",dlnu5pSsg7k,
bounded-rationality-complex-systems-and-agile-organizations-marco-consolaro-ddd-europe-2019,2020-07-13,"Bounded rationality, complex Systems and Agile organizations - Marco Consolaro   - DDD Europe 2019",nEkUTqTv7kI,
bounded-rationality-complex-systems-and-agile-principles-marco-consolaro-kandddinsky-2019,2021-05-28,"Bounded rationality, complex Systems and Agile principles - Marco Consolaro - KanDDDinsky 2019",5yGVS3zLHPQ,
bounding-complexity-with-domain-specific-languages-david-glaubman-ddd-europe-2019,2020-07-13,Bounding complexity with domain specific languages - David Glaubman - DDD Europe 2019,_SuwkpmsRZw,
breaking-illusions-with-testing-maaret-pyhajarvi-ddd-europe-2019,2019-05-17,Breaking Illusions with Testing - Maaret Pyhäjärvi - DDD Europe 2019,v0pNA8a7dbY,
brian-troutwine-the-charming-genius-of-the-apollo-guidance-computer,2021-12-31,Brian Troutwine — The Charming Genius of the Apollo Guidance Computer,d1nz7vgyUh8,
bruno-especially-while-pairing-survival-guide,2023-02-01,Bruno & Thomas -Talk Session: Communication Is Everything; Especially While Pairing (Survival Guide),e1yLmYN0hXk,
can-business-capabilities-be-useful-in-ddd-with-trond-hjorteland,2019-06-25,Can business capabilities be useful in DDD with Trond Hjorteland,WSAHL7oHGUw,
carlo-pescio-software-design-and-the-physics-of-software,2021-12-24,Carlo Pescio — Software Design and the Physics of Software,WPgYju3KnIY,
case-study-context-mapping-with-michael-plod,2020-11-03,Case-study context mapping with Michael Plöd,OthhRfqp-44,
case-study-large-scale-marketing-system-vladik-khononov-ddd-europe-2020-vlad-kononov,2017-09-13,Case Study: Large-Scale Marketing System - Vladik Khononov  - DDD Europe 2020 Vlad Kononov,0qsAxb3L8GM,
categorisation-comparison-and-cases-einar-host-ddd-europe-2022,2017-10-19,"Categorisation, Comparison and Cases - Einar Høst - DDD Europe 2022",LNi0vy7GAaI,
chin-wagging-with-the-business-borislav-borislov-ddd-europe-2019,2019-12-21,Chin wagging with the business - Borislav Borislov - DDD Europe 2019,lpOEIa0r3ig,
chris-richardson-there-is-no-such-thing-as-a-microservice,2023-03-17,Chris Richardson - There is No Such Thing as a Microservice!,FXCLLsCGY0s,
chris-simon-when-customers-dont-share-a-language,2022-12-23,Chris Simon - When Customers Don't Share a Language,Bwcz_S2YSKM,
code-as-a-first-language-felienne-hermans-kandddinsky-2017,2018-10-05,Code as a first language  - Felienne Hermans - KanDDDinsky 2017,ygPXJn6m73s,
collaborating-and-communicating-with-wardley-maps,2021-05-06,Collaborating and Communicating with Wardley Maps,bobkuufKPoQ,
collaborating-and-communicating-with-wardley-maps-part-2,2021-06-22,Collaborating and Communicating with Wardley Maps Part 2,Qu03U8s0kC8,
collaborative-software-design-how-to-facilitate-domain-modeling-decisions-kenny-baas-schwegler,2023-12-03,Collaborative Software Design: How to facilitate domain modeling decisions - Kenny Baas-Schwegler,Ow7LkIIu5rc,
combatting-the-near-enemies-of-ddd-andrew-harmel-law-and-gayathri-thiyagarajan-ddd-europe-2020,2018-12-10,Combatting the Near Enemies of DDD - Andrew Harmel-Law and Gayathri Thiyagarajan - DDD Europe 2020,4yr130f-1FE,
combatting-the-near-enemies-of-domain-driven-design-at-scale,2019-12-11,Combatting the Near Enemies of Domain Driven Design at Scale,3CFyA4iecng,
complex-adaptive-systems-dave-snowden-ddd-europe-2018,2020-10-14,Complex Adaptive Systems - Dave Snowden - DDD Europe 2018,l4-vpegxYPg,
complexity-strategy-open-discussion-dave-snowden-andra-sonea-and-simon-wardley-dddeu-18,2020-10-14,"Complexity & Strategy: Open Discussion - Dave Snowden, Andra Sonea and Simon Wardley - DDDEU 18",cel1vT0q1T8,
conflict-detection-and-resolution-in-an-eventsourced-system-james-geall-ddd-europe-2020,2017-05-11,Conflict Detection and Resolution in an EventSourced System - James Geall - DDD Europe 2020,-zaa6FUYIQM,
connascence-beyond-coupling-and-cohesion-marco-consolaro,2024-03-02,Connascence: beyond Coupling and Cohesion - Marco Consolaro,j8HEbPx53Ls,
consider-the-development-feedback-loop-mel-conway,2020-10-02,Consider the Development Feedback Loop - Mel Conway,u6eP77G6KbM,
context-maps-a-deep-dive-michael-plod-kandddinsky-2019,2019-10-05,Context Maps - a deep dive - Michael Plöd - KanDDDinsky 2019,VjtMt689ql8,
continued-learning-the-beauty-of-maintenance-kent-beck-ddd-europe-2020,2018-09-05,Continued Learning: The Beauty of Maintenance - Kent Beck - DDD Europe 2020,3gib0hKYjB0,
conversational-uis-through-domain-driven-design-dennis-traub-kandddinsky-2017,2018-10-17,Conversational UIs through Domain-Driven Design - Dennis Traub - KanDDDinsky 2017,grotDKSSKmQ,
craftconf-meetup-with-nick-tune-and-helin-akgul,2019-05-08,CraftConf meetup with Nick Tune and Helin Akgul,,https://www.ustream.tv/embed/recorded/121763272
crafting-domain-driven-designed-rest-apis-julien-topcu-ddd-europe-2022,2018-10-15,Crafting Domain-Driven Designed REST APIs - Julien Topçu - DDD Europe 2022,x3Bf25altb4,
creating-a-playbook-for-ddd-for-the-inside-of-your-team-with-julie-lerman,2020-06-02,Creating a Playbook for DDD for the inside of your team with Julie Lerman,GVa5vI19kZo,
critically-engaging-with-models-mathias-verraes-rebecca-wirfs-brock-ddd-europe-2022,2017-10-19,Critically Engaging with Models - Mathias Verraes &amp; Rebecca Wirfs-Brock - DDD Europe 2022,ecW1jMhIt2k,
crossing-the-river-by-feeling-the-stones-simon-wardley-ddd-europe-2018,2020-10-14,Crossing the River by Feeling the Stones - Simon Wardley - DDD Europe 2018,oZZKjxeg5W0,
crunching-real-life-stories-with-ddd-event-storming-kenny-baas-schwegler-kandddinsky-2018,2019-10-05,Crunching 'real-life stories' with DDD & Event Storming - Kenny Baas-Schwegler - KanDDDinsky 2018,WvkBKvMnyuc,
culture-the-ultimate-context-avraham-poupko,2022-01-03,Culture - The Ultimate Context - Avraham Poupko,WsiqFn97jYE,
cut-shave-herman-peeren-kandddinsky-2019,2019-10-05,Cut & Shave - Herman Peeren - KanDDDinsky 2019,FRAGS8l_UjE,
cyrille-martraire-interviewing-domain-experts-heuristics-from-the-trenches,2021-12-31,Cyrille Martraire — Interviewing Domain Experts: heuristics from the trenches,XYw5Mn5yVMM,
dan-bergh-johnsson-daniel-deogun-domain-driven-security,2021-12-27,Dan Bergh Johnsson & Daniel Deogun — Domain-Driven Security,xNQZ9oGiRRo,
dan-bergh-johnsson-daniel-deogun-domain-primitives-in-action-making-it-secure-by-design,2023-03-10,Dan Bergh Johnsson & Daniel Deogun - Domain Primitives in Action: Making it Secure by Design,ogjOKlXHi08,
dan-sharp-ddd-in-the-real-world-building-a-real-estate-aggregation-data-pipeline,2023-02-15,Dan Sharp - DDD in the Real World: Building a Real Estate Aggregation Data Pipeline,9FC_0WMmgKk,
daniel-somerfield-ddd-in-data-engineering-a-journey-of-application-adaption-and-invention,2018-12-08,"Daniel Somerfield - DDD in Data Engineering: a Journey of Application, Adaption, and Invention",9QBlP4B7cdM,
data-mesh-in-practice-assuring-data-quality-at-scale-gayathri-thiyagarajan-ddd-europe-2022,2017-10-19,Data Mesh in Practice - Assuring Data Quality at Scale - Gayathri Thiyagarajan - DDD Europe 2022,LGi_iQ-C-JE,
data-mesh-jochen-christ,2021-10-26,Data Mesh - Jochen Christ,wTcKQrq_yi8,
data-mesh-paradigm-shift-in-data-platform-architecture-arif-wider-ddd-europe-2020,2019-01-03,Data Mesh Paradigm Shift in Data Platform Architecture - Arif Wider - DDD Europe 2020,Iqbl9AS03VU,
dave-buchanan-talk-how-to-get-started-with-ddd-a-case-study-breaking-away-from-a-legacy-mvc-app,2018-12-21,Dave Buchanan -  Talk: How to Get Started with DDD: A Case Study Breaking Away from a Legacy MVC App,b8aXE6l8q8U,
dave-buchanan-talk-session-domain-modeling-with-your-product-team,2018-12-16,Dave Buchanan - Talk Session: Domain Modeling with Your Product Team,5P1SiSK780k,
dave-rael-talk-session-who-is-the-expert,2019-12-06,Dave Rael - Talk Session: Who Is the Expert?,Rqdj2WIosVk,
david-boike-talk-session-microservices-distributed-monoliths,2018-01-28,David Boike - Talk Session: Microservices & Distributed Monoliths,aE-p0cfwTVU,
david-glaubman-talk-session-encapsulating-complexity-in-a-dsl,2018-01-28,David Glaubman - Talk Session: Encapsulating Complexity in a DSL,woMybx3gRIs,
david-laribee-legendary-adventures-in-legacy-code,2023-02-24,David Laribee - Legendary Adventures In Legacy Code,_H4Db0GJGgY,
david-west-the-past-and-future-of-domain-driven-design,2021-12-25,David West - The Past and Future of Domain-Driven Design,XH_awPS6hK4,
ddd-at-china-david-wang-ddd-europe-2019,2019-08-14,DDD at China  - David Wang - DDD Europe 2019,tL3mfoz-WMI,
ddd-by-example-paul-rayner-ddd-europe-2020,2017-08-10,DDD By Example - Paul Rayner - DDD Europe 2020,p1Nl2k9ZZf0,
ddd-domain-modeling-using-ai-to-accelerate-design-with-staffan-palopaa,2024-04-02,DDD & Domain Modeling: Using AI to Accelerate Design - with Staffan Palopää,fyN8yGtlIjs,
ddd-event-sourcing-and-actors-alexey-zimarev-kandddinsky-2019,2019-10-05,"DDD, Event Sourcing and Actors - Alexey Zimarev - KanDDDinsky 2019",58_Ehl3oETY,
ddd-for-domain-experts-product-owners-zsofia-herendi-ddd-europe-2020,2017-07-26,DDD for Domain Experts &amp; Product Owners - Zsofia Herendi - DDD Europe 2020,2rgwit63XH4,
ddd-is-not-enough-the-future-of-software-development-dave-west-ddd-europe-2020,2018-09-28,DDD is not enough: the future of software development - Dave West - DDD Europe 2020,L_IRchWpnRA,
ddd-lessons-barry-o-sullivan-ddd-europe-2018,2020-10-14,DDD Lessons - Barry O Sullivan - DDD Europe 2018,PMWl5X1sK70,
ddd-london-creating-a-playbook-for-ddd-newcomers,2020-05-21,[DDD London] Creating a Playbook for DDD Newcomers,1aICKlpQRoc,
ddd-london-ddd-lite-independent-service-heuristics-with-matthew-skelton,2020-05-12,[DDD London] DDD-Lite: Independent Service Heuristics with Matthew Skelton,UQq-Ayml0iI,
ddd-meet-tdd-arnaud-bailly-ddd-europe-2018,2020-10-14,"DDD, meet TDD - Arnaud Bailly - DDD Europe 2018",cIx8LneHdpI,
ddd-patterns-that-were-not-in-the-book-cyrille-martraire,2020-10-05,DDD patterns that were not in the book - Cyrille Martraire,Ia8SQbQKLNQ,
ddddd-20-aggregate-canvas-by-kim-kao,2020-05-15,[DDDDD-20] Aggregate Canvas by Kim Kao,AF880t1RUU4,
ddddd-20-bounded-contexts-microservices-and-everything-in-between,2020-05-15,"[DDDDD-20] Bounded Contexts, Microservices, and Everything In Between",Z0RgR9xIQE4,
ddddd-20-bourdieus-social-theory-applied-to-tech,2020-05-15,[DDDDD-20] Bourdieu's social theory applied to tech,1PoTCoF9-tY,
ddddd-20-build-a-bounded-context-mob-firedrill,2020-05-15,[DDDDD-20] Build a Bounded Context Mob Firedrill,Dg478xHcDrY,
ddddd-20-context-maps-practically-applied,2020-05-15,[DDDDD-20] Context Maps - practically applied,8TDiuQ3vdh0,
ddddd-20-ddd-for-small-organizations,2020-05-15,[DDDDD-20] DDD For Small Organizations,Xw_eh9vLAio,
ddddd-20-extreme-context-mapping,2020-05-15,[DDDDD-20] Extreme Context Mapping,yaiDzBLi1-A,
ddddd-20-from-capabilities-to-services-modelling-for-business-it-alignment,2020-05-15,[DDDDD-20] From Capabilities to Services: Modelling for business-IT alignment,rH7On4Z_Lzo,
ddddd-20-functional-domain-modelling-in-practice,2020-05-15,[DDDDD-20] Functional Domain Modelling in Practice,3JECDkZ2_6Q,
ddddd-20-its-traverse,2020-05-15,[DDDDD-20]  « it's traverse »,sIJr3SCKhjo,
ddddd-20-live-coding-expressive-projections,2020-05-15,[DDDDD-20] Live coding: Expressive Projections,FtxPdXp_FTA,
ddddd-20-natural-boundaries-how-to-read-the-signs-and-benefit-from-the-problems,2020-05-15,[DDDDD-20] Natural Boundaries - how to read the signs and benefit from the problems,yMRuP3tcugQ,
ddddd-20-panel-event-sourcing-really-with-alexey,2020-05-15,"[DDDDD-20] Panel: Event Sourcing, Really with Alexey",uB0SkrElPRo,
ddddd-20-panel-experimentation-in-design-with-rebecca-woody-paul-and-julie,2020-05-15,"[DDDDD-20] Panel: experimentation in design with Rebecca, Woody, Paul and Julie",GimWdjmJGek,
ddddd-20-panelremote-related-trainings-with-michael-gien-zsofia-stefan-kacper,2020-05-15,"[DDDDD-20] Panel:Remote related trainings with Michael, Gien, Zsofia, Stefan & Kacper",q3Oh9zVKHKo,
ddddd-20-remote-bounded-context-modelling,2020-05-15,[DDDDD-20] Remote Bounded Context Modelling,QoGvpbkzZTQ,
ddddd-20-speaking-truth-to-power-a-foundational-skillset,2020-05-15,[DDDDD-20] Speaking truth to power: a foundational skillset,zPvYqrASCRA,
dddesign-taiwan-2021-conference-%e4%ba%a2%e6%b1%9f%e5%a6%b9-%e6%a6%82%e5%bf%b5%e6%a8%a1%e5%9e%8b%ef%bc%9awhat-why-and-how,2022-12-26,"[DDDesign Taiwan 2021 Conference] 亢江妹 - 概念模型：What, Why and How",0yUOnc-v0bw,
dddesign-taiwan-2021-conference-%e5%bc%b5%e5%ae%89%e9%82%a6-andrew-%e4%bf%9d%e9%9a%aaxdddx%e4%b8%ad%e5%8f%b0x%e5%be%ae%e6%9c%8d%e5%8b%99-%e5%9c%8b%e6%b3%b0%e7%94%a2%e9%9a%aabesafe,2022-12-25,[DDDesign Taiwan 2021 Conference] 張安邦 Andrew - 保險×DDD×中台×微服務-國泰產險BeSafe平台經驗分享,wnkTCh1d_l0,
dddesign-taiwan-2021-conference-%e5%bc%b5%e6%98%80%e7%85%92-herms-%e6%b5%b4%e7%81%ab%e9%87%8d%e7%94%9f%ef%bc%81%e6%95%8f%e6%8d%b7%e5%9c%98%e9%9a%8a%e9%87%8d%e7%94%9f%e6%a8%a1%e5%9e%8b-agile-team,2022-12-07,[DDDesign Taiwan 2021 Conference] 張昀煒 Herms - 浴火重生！敏捷團隊重生模型 (Agile Team Rising Model)，從絕敗走向卓越,hKNdWAnycIQ,
dddesign-taiwan-2021-conference-%e5%bc%b5%e9%80%b8-%e9%a0%98%e5%9f%9f%e9%a9%85%e5%8b%95%e8%a8%ad%e8%a8%88%e5%9c%98%e9%9a%8a%e5%af%a6%e8%b8%90%e6%8c%87%e5%8d%97,2022-12-04,[DDDesign Taiwan 2021 Conference] 張逸 - 領域驅動設計團隊實踐指南,EIrwaIrfV5g,
dddesign-taiwan-2021-conference-%e6%9d%8e%e5%ad%9f%e8%90%b1-mia-%e5%be%9e0%e9%96%8b%e5%a7%8b%e9%81%8a%e6%88%b2%e9%96%8b%e7%99%bc%e5%a5%a7%e7%be%a9-agile-x-ddd,2022-12-06,"[DDDesign Taiwan 2021 Conference] 李孟萱 Mia - 從0開始,遊戲開發奧義: Agile x DDD",9ZSiyEnx-Bw,
dddesign-taiwan-2021-conference-%e6%9f%af%e4%bb%81%e5%82%91-david-%e5%95%9f%e5%8b%95%e6%95%8f%e6%8d%b7%e8%bd%89%e5%9e%8b%e7%9a%84%e5%b7%a5%e5%85%b7%e7%ae%b1,2022-12-02,[DDDesign Taiwan 2021 Conference] 柯仁傑 David - 啟動敏捷轉型的工具箱,mQndYeP9FKQ,
dddesign-taiwan-2021-conference-%e7%8e%8b%e5%a8%81-%e9%a0%98%e5%9f%9f%e9%a9%85%e5%8b%95%e8%a8%ad%e8%a8%88%e4%b8%ad%e7%9a%84%e8%a4%87%e9%9b%9c%e6%80%a7%e6%80%9d%e7%b6%ad,2022-12-09,[DDDesign Taiwan 2021 Conference] 王威 - 領域驅動設計中的複雜性思維,qtIgdnDaVh0,
dddesign-taiwan-2021-conference-%e7%b0%a1%e7%b6%ad%e5%be%b7-wade-%e9%82%a3%e4%b8%80%e5%b9%b4%ef%bc%8c%e6%88%91%e5%80%91%e4%b8%80%e8%b5%b7%e8%b8%a9%e9%81%8e%e7%9a%84%e5%9d%91,2022-12-08,[DDDesign Taiwan 2021 Conference] 簡維德 Wade - 那一年，我們一起踩過的坑,4rT9CRjKYYo,
dddesign-taiwan-2021-conference-%e9%99%b3%e5%bb%ba%e6%9d%91-teddy-%e7%95%b6-dci-%e9%81%87%e5%88%b0-ddd,2022-12-30,[DDDesign Taiwan 2021 Conference] 陳建村 Teddy - 當 DCI 遇到 DDD,vf8vjd5Yob4,
dddesign-taiwan-2021-conference-%e9%99%b8%e6%b5%a9%e7%bf%94-%e4%bb%a5%e8%b3%87%e6%96%99%e5%ba%ab%e6%ad%a3%e8%a6%8f%e5%8c%96%e5%88%86%e6%9e%90%e9%9c%80%e6%b1%82%e9%96%8b%e7%99%bc%e6%a8%a1%e5%bc%8f,2022-12-01,[DDDesign Taiwan 2021 Conference] 陸浩翔 - 以資料庫正規化分析需求開發模式走向DDD與微服務,l7aaWbL-6ZM,
dddesign-taiwan-2021-conference-%e9%ab%98%e7%bf%8a%e5%87%b1-kim-%e6%8c%81%e7%ba%8c%e6%bc%94%e9%80%b2%e7%9a%84%e6%9e%b6%e6%a7%8b-%e6%93%81%e6%8a%b1%e5%a4%9a%e5%85%83%e5%88%a9%e5%ae%b3%e9%97%9c,2022-12-18,[DDDesign Taiwan 2021 Conference] 高翊凱 Kim - 持續演進的架構 - 擁抱多元利害關係人視角,ykFsnJ2qG2A,
dddesign-taiwan-2021-conference-dr-carola-lilienthal-%e9%97%9c%e4%b9%8e%e6%96%bc%e9%a0%98%e5%9f%9f%ef%bc%8c%e8%a6%aa%e6%84%9b%e7%9a%84%ef%bc%81-%e6%88%91%e5%9c%a8%e9%a0%98%e5%9f%9f%e9%a9%85,2022-12-28,[DDDesign Taiwan 2021 Conference] Dr. Carola Lilienthal - 關乎於領域，親愛的！ 我在領域驅動設計15 年當中的經驗,N_HqYQgn7iE,
dddesign-taiwan-2021-conference-julie-lerman-%e4%b8%80%e7%aa%ba%e5%a0%82%e5%a5%a7-%e9%a0%98%e5%9f%9f%e9%a9%85%e5%8b%95%e8%a8%ad%e8%a8%88%ef%bc%9a%e6%98%af%e5%9f%ba%e6%96%bc%e8%87%a8%e5%a0%b4,2022-12-03,[DDDesign Taiwan 2021 Conference] Julie Lerman - 一窺堂奧 - 領域驅動設計：是基於臨場務實還是有原則可參考?,Y7bEojF1lI0,
dddesign-taiwan-2021-conference-kenny-baas-schwegler-evelyn-van-kelle-%e6%88%91%e5%80%91%e7%9c%9f%e7%9a%84%e9%9c%80%e8%a6%81-autonomy-%e5%97%8e%ef%bc%9f,2022-12-14,[DDDesign Taiwan 2021 Conference] Kenny Baas-Schwegler &  Evelyn Van Kelle - 我們真的需要 Autonomy 嗎？,yWdyqCQ1bqc,
dddesign-taiwan-2021-conference-luca-mezzalira-%e9%80%9a%e9%81%8e%e5%85%ad%e9%82%8a%e5%bd%a2%e6%9e%b6%e6%a7%8b%e9%80%b2%e5%8c%96%e7%9a%84-aws-lambda,2022-12-12,[DDDesign Taiwan 2021 Conference] Luca Mezzalira - 通過六邊形架構進化的 AWS Lambda,Y7MB7SSOZvE,
dddesign-taiwan-2021-conference-michael-when-agile-meets-domain-driven-design,2022-12-10,[DDDesign Taiwan 2021 Conference] Michael - When Agile Meets Domain-Driven Design,zvukld5ubAY,
dealing-with-the-bias-of-the-other-giovanna-faso-ddd-europe-2019,2020-07-13,Dealing with the bias of 'the other' - Giovanna Faso - DDD Europe 2019,8IwCv2pmrXI,
dearth-of-a-drafter-einar-host-ddd-europe-2021,2016-05-23,Dearth of a Drafter - Einar Høst - DDD Europe 2021,PVL3OxstgSs,
deciders-composition-for-aggregates-jeremie-chassaing-ddd-europe-2021,2016-05-03,Deciders: composition for aggregates - Jérémie Chassaing - DDD Europe 2021,bBI-9swoU8c,
decoding-paradoxes-why-are-many-good-ideas-in-software-delivery-counter-intuitive,2024-07-16,Decoding Paradoxes: Why are many good ideas in Software Delivery counter-intuitive,sN3kabXr2wk,
deliver-business-value-jan-doorenbal-ddd-europe-2020,2018-09-27,Deliver business value - Jan Doorenbal - DDD Europe 2020,4P3P1l16HJY,
derek-comartin-fat-controller-cqrs-diet,2023-01-24,Derek Comartin - Fat Controller CQRS Diet,OlcWDZN99w4,
derek-comartin-talk-session-context-is-king-finding-service-boundaries,2018-12-02,Derek Comartin - Talk Session: Context is King: Finding Service Boundaries,oVHa3xmUjPg,
desigining-better-processes-and-customer-journeys-with-ddd-and-event-storming-francois-royer,2019-10-05,Desigining better processes and customer journeys with DDD and Event Storming - François Royer,fflQCup444s,
design-and-reality-mathias-verraes,2024-02-26,Design and Reality - Mathias Verraes,R4j5MhgKqeE,
design-better-products-with-real-cross-functional-teams-jutta-maryse,2020-08-26,Design better products with real cross-functional teams - Jutta & Maryse,RM0uErMljoA,
design-first-apis-and-domain-driven-design-ljubica-lazarevic-ddd-europe-2022,2017-10-19,Design First APIs and Domain-Driven Design - Ljubica Lazarevic - DDD Europe 2022,j0iYJ8X9Di4,
design-heuristics-mathias-verraes-kandddinsky-2018,2018-10-27,Design Heuristics - Mathias Verraes - KanDDDinsky 2018,9ZgSz6xAfL8,
design-in-the-small-yves-reynhout-kandddinsky-2017,2018-10-24,Design in the small  - Yves Reynhout - KanDDDinsky 2017,3iLW4puXHvc,
design-matters-rebecca-wirfs-brock,2020-10-02,Design Matters — Rebecca Wirfs-Brock,NZ5mI6-tNUc,
design-reality-with-mathias-verraes,2022-01-13,Design & Reality with Mathias Verraes,s_ihqdfcHDY,
designing-autonomous-services-teams-together-nick-tune-kandddinsky-2017,2018-10-15,Designing Autonomous Services & Teams Together  - Nick Tune - KanDDDinsky 2017,JOQNJaXuNRE,
designing-with-capabilities-scott-wlaschin,2021-12-24,Designing with Capabilities - Scott Wlaschin,fi1FsDW1QeY,
develop-by-describing-the-problem-not-the-solution-romeu-moura-kandddinsky-2017,2018-10-26,Develop by describing the problem (not the solution) - Romeu Moura - KanDDDinsky 2017,HG_-Y_vOqj0,
developing-distributed-autonomy-jennifer-carlston-ddd-europe-2020,2017-10-30,Developing Distributed Autonomy - Jennifer Carlston - DDD Europe 2020,X6n0TOokQ7A,
dissecting-bounded-contexts-nick-tune-ddd-europe-2020,2019-01-03,Dissecting Bounded Contexts - Nick Tune - DDD Europe 2020,zkRfDw0N4W8,
distill-the-core-domain-from-your-legacy-app-thomas-pierrain-and-bruno-boucard-ddd-europe-2018,2020-07-13,Distill the Core Domain from Your Legacy App - Thomas Pierrain and Bruno Boucard  - DDD Europe 2018,F3DV9YDeA6Q,
distilling-your-design-heuristics-a-report-and-a-challenge-rebecca-wirfs-brock-ddd-europe-2018,2020-10-14,Distilling Your Design Heuristics: A Report and a Challenge - Rebecca Wirfs-Brock - DDD Europe 2018,TP3xTZi_Qn8,
distributed-monolith-alex-topalov-ddd-europe-2018,2020-10-14,Distributed Monolith - Alex Topalov - DDD Europe 2018,AbZq32XCzU8,
do-distributed-systems-they-said-itll-be-fun-sara-pellegrini-and-milan-savic-ddd-europe-2022,2017-10-19,Do Distributed Systems they said. It'll be fun - Sara Pellegrini and Milan Savić - DDD Europe 2022,OdVSg6y2iGE,
do-distributed-systems-they-said-itll-be-fun-they-said-sara-pellegrini-milan-savic,2024-02-26,Do Distributed Systems they said. It'll be fun they said. - Sara Pellegrini &amp; Milan Savić,U5zYS4NLaQM,
do-it-yourself-event-sourcing-roman-sachse-kandddinsky-2018,2019-10-05,Do-It-Yourself: Event-Sourcing - Roman Sachse - KanDDDinsky 2018,VSS_Q0Rf50E,
do-we-need-software-architects,2021-06-01,Do we need software architects?,nGdlw7bbaaY,
does-a-domain-driven-design-approach-need-an-agile-business,2019-12-03,Does a Domain-driven design approach need an agile business?,hKBSmQCMEqQ,
domain-debt-sven-torben-janus-ddd-europe-2019,2019-12-21,Domain Debt  - Sven Torben Janus - DDD Europe 2019,dFB158spi0U,
domain-drinking-dialogues-2020-ending-ask-us-anything-party,2020-12-21,Domain-Drinking Dialogues - 2020 ending Ask us anything party,QSZnrkMMZ6c,
domain-drinking-dialogues-2nd-edition-2021-lean-coffee,2021-12-28,Domain-Drinking Dialogues 2nd edition - 2021 Lean coffee,OO3egnXnpMw,
domain-driven-architecture-at-scale-xin-yao-ddd-europe-2022,2017-10-19,Domain-Driven Architecture at Scale - Xin Yao - DDD Europe 2022,pGaB3nbDC-I,
domain-driven-design-in-cloud-native-environments-tobias-goeschel,2022-04-09,Domain Driven Design in Cloud Native Environments - Tobias Goeschel,9PbCZNsapD0,
domain-driven-design-in-productland-alberto-brandolini-ddd-europe-2022,2017-10-10,Domain-Driven Design in ProductLand - Alberto Brandolini - DDD Europe 2022,ufdcfe8VmHM,
domain-driven-frontend-with-francesco-strazzullo,2021-09-21,Domain-Driven Frontend with Francesco Strazzullo,gX_Nx1vqeBQ,
domain-driven-rearchitecting-mit-dem-domain-from-legacy-canvas-matthias-eschhold,2022-04-16,"Domain Driven Rearchitecting mit dem """"Domain-from-Legacy"""" Canvas - Matthias Eschhold",nu5-HV-J40w,
domain-driven-refactoring-jimmy-bogard,2023-12-11,Domain-Driven Refactoring - Jimmy Bogard,kO3LJGbQ3JE,
domain-experiments-with-mike-wojtyna,2023-06-29,Domain Experiments with Mike Wojtyna,bl0E7-ov4gw,
domain-invariants-property-based-testing-for-the-masses-romeu-moura,2020-10-02,Domain Invariants & Property-Based Testing for the Masses - Romeu Moura,pX44CoRSIpg,
domain-language-throughout-tests-combining-ddd-and-bdd-kenny-baas-ddd-europe-2018,2020-10-12,"Domain Language throughout Tests, combining DDD and BDD - Kenny Baas - DDD Europe 2018",xSZnKnZ8EAo,
domain-modeling-made-functional-scott-wlaschin-kandddinsky-2019,2020-12-28,Domain Modeling Made Functional - Scott Wlaschin - KanDDDinsky 2019,2JB1_e5wZmU,
domain-modeling-towards-first-principles-cyrille-martraire-ddd-europe-2019,2020-10-14,Domain modeling towards First Principles - Cyrille Martraire - DDD Europe 2019,svh_NxbOJV8,
domain-modelling-made-simple-functions-and-values-isaac-abraham,2022-05-16,Domain modelling made simple: Functions and Values - Isaac Abraham,9D20fKx45xI,
domain-modelling-yves-reynhout-ddd-europe-2019,2019-12-21,Domain Modelling - Yves Reynhout   - DDD Europe 2019,tjiuDQbkRFY,
domain-prototyping-or-design-is-how-it-works-tobias-goeschel-kandddinsky-2019,2019-10-05,Domain Prototyping or Design Is How It Works - Tobias Goeschel - KanDDDinsky 2019,gDT5PKIYsT0,
dont-forget-ucd-balanced-teams-reap-the-full-benefits-with-modern-development-practices,2022-12-29,Don’t Forget UCD & Balanced Teams: Reap the Full Benefits with Modern Development Practices,Z_Q4Q8rCVpU,
ean-%e5%96%ae%e5%85%b5%e4%bd%9c%e6%88%b0-%e4%bb%a5%e9%a0%98%e5%9f%9f%e9%a9%85%e5%8b%95%e8%a8%ad%e8%a8%88-ddd-%e6%94%b9%e5%96%84%e6%97%a2%e6%9c%89%e9%80%b2%e9%8a%b7%e5%ad%98%e7%ae%a1%e7%90%86,2022-12-20,Ean - 單兵作戰: 以領域驅動設計 (DDD) 改善既有進銷存管理系統的策略與實踐,Kx91mozbtVE,
effective-team-collaboration-and-why-we-need-it-for-modern-product-experiences,2022-05-05,Effective team collaboration and why we need it for modern product experiences?,WNQ3ZLcW4Mw,
elephants-patterns-and-heuristics-rebecca-wirfs-brock-christian-kohls-ddd-europe-2020,2019-01-03,"Elephants, Patterns, and Heuristics - Rebecca Wirfs-Brock, Christian Kohls - DDD Europe 2020",Di9slyesAAA,
ellen-lippe-anita-kvamme-from-legacy-chaos-to-the-promised-land-of-ddd,2023-01-26,Ellen Lippe & Anita Kvamme - From Legacy Chaos To The Promised Land Of DDD,ShMUiCWQYIQ,
emily-stamey-talk-session-hey-boss-event-sourcing-could-fix-that,2019-12-18,"Emily Stamey - Talk Session: Hey Boss, Event Sourcing Could Fix That!",mw7D6OJpsIA,
encouraging-ddd-curiosity-as-a-product-owner-zsofia-herendi-kandddinsky-2018,2019-10-05,Encouraging DDD Curiosity as a Product Owner - Zsófia Herendi - KanDDDinsky 2018,eR1PKi3Z0JU,
eric-evans-exploring-time,2023-03-03,Eric Evans - Exploring Time,Zm95cYAtAa8,
eric-evans-good-design-is-imperfect-design,2021-12-30,Eric Evans - Good Design is Imperfect Design,lY54TmmEllY,
eric-evans-keynote-ddd-isnt-done-a-skeptical-optimistic-pragmatic-look,2018-01-28,"Eric Evans - Keynote: DDD Isn't Done: A Skeptical, Optimistic​, Pragmatic Look",R2IAgnpkBck,
eric-evans-keynote-language-in-context-and-how-do-we-go-forward-from-here,2018-12-03,Eric Evans - Keynote: Language in Context: And How Do We Go Forward From Here?,kjMZVYdwucs,
eric-evans-keynote-tackling-complexity-in-the-heart-of-software,2023-05-03,Eric Evans - Keynote: Tackling Complexity in the Heart of Software,kIKwPNKXaLU,
eric-evans-tackling-complexity-in-the-heart-of-software,2021-12-28,Eric Evans — Tackling Complexity in the Heart of Software,dnUFEg68ESM,
escaping-the-enshittification-trap-systems-thinking-for-sustainable-quality,2025-08-20,Escaping the Enshittification Trap: Systems Thinking for Sustainable Quality,SY4nWc2OZT0,
event-driven-systems-backed-by-mongodb-andrii-litvinov-ddd-europe-2019,2019-12-21,Event driven systems backed by MongoDB - Andrii Litvinov - DDD Europe 2019,w8Z-kPz1cXw,
event-log-architectures-when-quality-matters-martin-thompson-ddd-europe-2020,2017-06-19,Event Log Architectures: when quality matters - Martin Thompson - DDD Europe 2020,RlwO6CJbJjQ,
event-sourcing-after-launch-michiel-overeem-ddd-europe-2018,2020-10-14,Event Sourcing after launch - Michiel Overeem - DDD Europe 2018,JzWJI8kW2kc,
event-sourcing-functionally-arnaud-bailly,2020-10-19,"Event Sourcing, Functionally - Arnaud Bailly",lKIPlARq1z8,
event-sourcing-traceability-consistency-correctness-thomas-bogh-fangel-ddd-europe-2020,2017-10-30,"Event Sourcing: Traceability, Consistency, Correctness - Thomas Bøgh Fangel - DDD Europe 2020",Q-RGrWTN5M4,
event-storming-alberto-brandolini-ddd-europe-2019,2019-12-21,Event Storming - Alberto Brandolini  - DDD Europe 2019,mLXQIYEwK24,
events-in-software-process-and-reality-john-bywater-ddd-europe-2019,2019-06-14,"Events in Software, Process, and Reality - John Bywater - DDD Europe 2019",EX_zRTeowuM,
events-workflows-sagas-keep-your-event-driven-architecture-sane-lutz-huehnken,2022-01-03,"Events, Workflows, Sagas? Keep Your Event-driven Architecture Sane. - Lutz Huehnken",Uv1GOrZWpBM,
eventsourcing-cqrs-a-light-introduction-paolo-banfi-ddd-europe-2022,2018-10-17,EventSourcing &amp; CQRS: a light introduction - Paolo Banfi - DDD Europe 2022,nwzxyfsubyM,
eventstorming-from-the-trenches-jacopo-romei,2022-01-03,EventStorming from the trenches - Jacopo Romei,viJfh8ayTvc,
eventstorming-types-and-heuristics-with-rebecca-paul-and-alberto,2019-08-08,"EventStorming Types and Heuristics with Rebecca, Paul and Alberto",jFEC7Pb1FtM,
evolving-architecture-with-ddd-and-hypermedia-einar-host-ddd-europe-2020,2018-09-18,Evolving architecture with DDD and hypermedia - Einar Høst - DDD Europe 2020,Q3hAPZVu3HI,
experimenting-with-remote-wardley-mapping-with-nick-tune,2020-05-01,Experimenting with Remote Wardley Mapping with Nick Tune,Rvt7k542fOI,
experiments-in-reasoning-aslam-khan-ddd-europe-2020,2018-08-27,Experiments in Reasoning - Aslam Khan - DDD Europe 2020,uvOZisJWqg0,
explaining-flow-in-5-minutes-michel-grootjans-ddd-europe-2021,2017-10-30,Explaining flow in 5 minutes - Michel Grootjans - DDD Europe 2021,0J5kN9gCoXg,
exploring-empathy-with-algorithms-andrea-goulet-ddd-europe-2019,2019-12-21,Exploring Empathy With Algorithms - Andrea Goulet - DDD Europe 2019,rvUsLaCFu-s,
extreme-contracts-free-to-work-the-way-we-love-toward-the-right-design-jacopo-romei-kandddinsky,2019-10-05,Extreme Contracts: free to work the way we love toward the right design - Jacopo Romei - KanDDDinsky,zTGX98HmXtg,
extreme-domain-driven-design-jimmy-nilsson,2022-01-03,Extreme Domain-Driven Design - Jimmy Nilsson,4yHcKDM1yNk,
felienne-hermans-a-board-game-night-with-geeks,2021-12-23,Felienne Hermans — A board game night with geeks,YjtlkQgchnw,
fifty-ways-to-scale-your-agile-with-grady-booch,2021-07-27,Fifty Ways to Scale Your Agile with Grady Booch,UcCifzd-xzk,
fighting-technical-debts-with-ddd-carola-lilienthal-kandddinsky-2017,2018-10-26,Fighting technical debts with DDD - Carola Lilienthal - KanDDDinsky 2017,eJjadzMRQAk,
find-context-boundaries-with-domain-storytelling-stefan-hofer-and-henning-schwenter-dddeu-18,2020-10-14,Find Context Boundaries with Domain Storytelling - Stefan Hofer and Henning Schwenter - DDDEU 18,Y1ykXnl6r7s,
finding-your-service-boundaries-a-practical-guide-adam-ralph-kandddinsky-2019,2019-10-05,Finding your service boundaries - a practical guide - Adam Ralph - KanDDDinsky 2019,JJ-3GSV0MxE,
fluid-teams-stories-from-the-trenches-ornela-vasiliauskaite,2023-12-04,Fluid teams - stories from the trenches - Ornela Vasiliauskaitė,76VwHhjKJE0,
fong-%e4%bd%a0%e7%9c%9f%e7%9a%84%e6%87%82-solid-%e5%8e%9f%e5%89%87%e5%97%8e%ef%bc%9f,2022-12-13,Fong - 你真的懂 SOLID 原則嗎？,RtqKN9xEK0c,
formal-specifications-for-microservices-francois-royer-ddd-europe-2020,2018-08-21,Formal specifications for Microservices - Francois Royer - DDD Europe 2020,ngSy8CQAJBo,
fostering-autonomous-teams-with-proper-leadership-culture,2021-02-23,Fostering autonomous teams with proper leadership culture,kdpGPDGcbxA,
from-a-business-requirement-to-event-sourcing-and-cqrs-riccardo-di-nuzzo-ddd-europe-2019,2019-12-21,From a business requirement to Event Sourcing and CQRS - Riccardo Di Nuzzo - DDD Europe 2019,36eZ5xiHPeE,
from-an-ivory-tower-architect-to-a-socialtechnical-facilitator-amal-tahri-ddd-europe-2022,2017-10-19,From an ivory tower Architect to a socialtechnical facilitator - Amal Tahri - DDD Europe 2022,LSNKWa5dnA0,
from-bi-annual-to-fortnightly-releases-in-4-months-for-15-teams-and-one-monolith-thierry-de-pauw,2024-02-26,From bi-annual to fortnightly releases in 4 months for 15 teams and one monolith - Thierry de Pauw,1IWxb4UufgE,
from-capabilities-to-services-trond-hjorteland-kandddinsky-2018,2018-10-17,From Capabilities to Services - Trond Hjorteland - KanDDDinsky 2018,6SYPMZ76tos,
from-front-to-back-homomorphic-event-sourcing-nicole-rauch-arnaud-bailly-ddd-europe-2018,2020-10-14,From Front to Back: Homomorphic Event Sourcing  - Nicole Rauch & Arnaud Bailly - DDD Europe 2018,KyOvBQ87aP4,
from-legacy-chaos-to-the-promised-land-of-ddd-anita-kvamme-and-ellen-lippe-ddd-europe-2018,2020-10-14,From Legacy Chaos to the Promised Land of DDD - Anita Kvamme and Ellen Lippe - DDD Europe 2018,bnaYU4fjGe4,
from-legacy-chaos-to-the-promised-land-of-ddd-anita-kvamme-ellen-lippe-kandddinsky-2017,2018-10-17,From legacy chaos to the Promised Land of DDD - Anita Kvamme & Ellen Lippe - KanDDDinsky 2017,le7we1akl2g,
from-the-problem-to-software-a-walkthrough-with-krisztina-hirth,2022-02-08,From The Problem To Software - a Walkthrough with Krisztina Hirth,zI31Dh-lU8o,
functional-and-algebraic-domain-modeling-debasish-ghosh-ddd-europe-2018,2020-10-14,Functional and Algebraic Domain Modeling - Debasish Ghosh  - DDD Europe 2018,BskNvfNjU_8,
functional-cqrs-in-kotlin-uberto-barbini-kandddinsky-2018,2019-10-05,Functional CQRS in Kotlin - Uberto Barbini - KanDDDinsky 2018,y_h-tbOM5HU,
functional-event-sourcing-jeremie-chassaing-ddd-europe-2020,2017-10-30,Functional Event Sourcing - Jérémie Chassaing - DDD Europe 2020,whFfzQfdJZg,
functional-programming-and-domain-driven-design-a-match-in-heaven-marco-emrich-kandddinsky,2021-05-10,Functional Programming and Domain Driven Design - a match in Heaven! - Marco Emrich - KanDDDinsky,56j8kLMdkyQ,
getting-to-ddd-pragmatic-or-principled-julie-lerman-kandddinsky-2018,2019-10-05,Getting to DDD: Pragmatic or Principled? - Julie Lerman - KanDDDinsky 2018,CPd2BVR3hEM,
gomti-mehta-talk-session-agile-and-ddd-two-wheels-of-the-same-cart,2019-12-17,Gomti Mehta - Talk Session: Agile and DDD - Two Wheels of the Same Cart,x73cnwvo9o0,
greg-young-a-decade-of-ddd-cqrs-event-sourcing,2021-12-23,"Greg Young — A Decade of DDD, CQRS, Event Sourcing",LDW0QWie21s,
guide-refactorings-with-behavioral-code-analysis-adam-tornhill-ddd-europe-2019,2019-12-21,Guide Refactorings With Behavioral Code Analysis - Adam Tornhill - DDD Europe 2019,okT9xZc6UtY,
hands-on-exploring-techniques-for-modelling-bounded-context-collaboration,2020-08-13,[Hands-on] Exploring Techniques For Modelling Bounded Context Collaboration,oj4zGj6sPDc,
harry-brumleve-talk-session-refactoring-for-ddd-without-microservicing-your-monolith,2018-01-28,Harry Brumleve - Talk Session: Refactoring for DDD Without Microservicing Your Monolith,y2mL-6CcYBw,
hatching-software-development-ecosystems-the-gordian-knot-alberto-brandolini-kandddinsky-2019,2019-10-05,Hatching software development ecosystems (the gordian knot) - Alberto Brandolini - KanDDDinsky 2019,hNZZZyNrpiI,
hedy-a-gradual-and-multi-lingual-programming-language-for-education-mark-giesen,2023-12-12,Hedy: A gradual and multi-lingual programming language for education - Mark Giesen,o4RHcA1KfwU,
high-scalability-domain-models-skuvault-case-study-rinat-abdullin-kandddinsky-2017,2018-10-05,High-scalability domain models: SkuVault case study  - Rinat Abdullin - KanDDDinsky 2017,6BLNcv-sPlk,
how-a-deeper-model-enables-breakthroughs-in-product-dev-kenny-baas-schwegler-bruno-boucard,2023-12-16,How a deeper model enables breakthroughs in product dev. - Kenny Baas-Schwegler &amp; Bruno Boucard,4fEpaHTv_rk,
how-autonomy-saved-one-of-spotifys-most-loved-features-from-being-killed,2025-05-14,How Autonomy Saved One of Spotify’s Most Loved Features From Being Killed,aulGzLoCwJk,
how-cognitive-biases-and-ranking-kills-your-modelling-sessions,2020-04-07,How cognitive biases and ranking kills your modelling sessions,djbbZnOIGE0,
how-commonality-variability-analysis-reduces-complexity-avraham-poupko-ddd-europe-2020,2018-11-27,How Commonality Variability Analysis reduces complexity. - Avraham Poupko - DDD Europe 2020,myAOby7rYeQ,
how-domain-storytelling-reveils-the-secrets-of-your-domain-henning-schwentner-stefan-hofer,2019-10-05,"How Domain Storytelling reveils the secrets of your domain - Henning Schwentner, Stefan Hofer",lZYo2lKacYo,
how-epistemic-injustice-impacts-domain-crunching-with-cat-swetel,2021-04-06,How Epistemic injustice impacts Domain Crunching with Cat Swetel,tRgqD2ztHpk,
how-feature-branching-affects-domain-driven-design-with-thierry-de-pauw,2020-01-08,How feature branching affects domain-driven design with Thierry de Pauw,mKaIR-EjoC0,
how-open-is-open-banking-andrea-sonea-ddd-europe-2018,2020-10-14,How open is Open Banking - Andrea Sonea - DDD Europe 2018,yqMDoWVZYw8,
how-serverless-impacts-design-gojko-adzic-ddd-europe-2020,2018-07-05,How serverless impacts design - Gojko Adzic - DDD Europe 2020,jZoWAQOaxt8,
how-to-build-your-product-backlog-the-aristothelian-way-michel-zam-ddd-europe-2021,2017-10-30,How to build your product backlog the Aristothelian way - Michel Zam - DDD Europe 2021,PTn4To7LK2Q,
how-to-cultivate-a-language-alvaro-videla-ddd-europe-2022,2017-10-19,How to Cultivate a Language - Alvaro Videla - DDD Europe 2022,pXjh54Lbszg,
how-to-improve-modelling-with-behaviour-driven-development,2020-04-14,How to improve modelling with Behaviour-driven development,HvT8wNE1C2U,
how-to-make-better-modernization-decisions-indu-alagarsamy-olivia-cheng-ddd-europe-2022,2017-10-20,How to Make Better Modernization Decisions - Indu Alagarsamy &amp; Olivia Cheng - DDD Europe 2022,olulGJDdpGQ,
how-to-model-event-sourced-systems-efficiently-oskar-dudycz-ddd-europe-2022,2017-10-19,How to model event-sourced systems efficiently - Oskar Dudycz - DDD Europe 2022,gG6DGmYKk4I,
how-to-model-your-domain-in-a-serverless-world-dennis-traub-kandddinsky-2018,2017-06-03,How to Model Your Domain in a Serverless World - Dennis Traub - KanDDDinsky 2018,-ZfobxldW9w,
how-to-read-the-blue-book-strategic-design-with-mathias-verraes,2019-07-23,How To Read the Blue Book: Strategic Design with Mathias Verraes,jZo44tbff1c,
how-to-relate-your-okrs-to-your-technical-real-estate-marijn-huizendveld,2022-04-10,How to relate your OKRs to your technical real-estate - Marijn Huizendveld,7nWhUN-Df84,
how-to-rewrite-a-bit-at-a-time-sabrina-leandro-ddd-europe-2019,2019-12-21,"How to rewrite, a bit at a time - Sabrina Leandro - DDD Europe 2019",AmicHHpogEg,
how-to-start-with-ddd-when-you-have-a-monolith-javiera-laso-ddd-europe-2022,2017-10-20,How to start with DDD when you have a monolith - Javiera Laso - DDD Europe 2022,ASNnN6rK65k,
how-we-changed-our-world-carola-lilienthal-kandddinsky-2019,2021-05-10,How we changed our world - Carola Lilienthal - KanDDDinsky 2019,jbBbaUK4zZM,
hugs-for-bugs-duncan-jones-ddd-europe-2019,2019-08-26,Hugs for bugs - Duncan Jones - DDD Europe 2019,vfHJ52oO7-Q,
human-centred-system-design-trond-hjorteland,2023-12-08,Human centred system design - Trond Hjorteland,KSWyIZevgHc,
hustle-and-flow-ian-cooper-ddd-europe-2022,2017-10-19,Hustle and Flow - Ian Cooper - DDD Europe 2022,VURbgrNkjTQ,
i-am-done-peter-de-bouvere-ddd-europe-2020,2018-11-21,I am done - Peter De Bouvere - DDD Europe 2020,geeflDUOhtY,
ignore-metadata-at-your-own-peril-savvas-kleanthous-ddd-europe-2021,2016-04-18,Ignore metadata at your own peril - Savvas Kleanthous - DDD Europe 2021,22ehm2pBDZk,
impact-mapping-the-secret-sauce,2025-07-02,Impact Mapping - The Secret Sauce,XG985T2mMMQ,
impact-mapping-to-manage-change-and-strategic-design,2019-06-13,Impact Mapping to manage change and strategic design,7u-EtXVKR5g,
improving-legacy-carola-lillienthal-ddd-europe-2019,2019-11-12,Improving legacy - Carola Lillienthal - DDD Europe 2019,lfVwFnZTAeU,
improving-your-model-by-understanding-the-persona-behind-the-user-zsofia-herendi,2024-02-26,Improving Your Model by Understanding the Persona Behind the User - Zsófia Herendi,DofHlqMMR8s,
incidents-are-new-normal-kasia-balcerzak-ddd-europe-2021,2016-04-26,Incidents are new normal - Kasia Balcerzak - DDD Europe 2021,WpLLhHQC75E,
independent-service-heuristics-matthew-skelton-nick-tune-ddd-europe-2022,2017-10-20,Independent Service Heuristics - Matthew Skelton &amp; Nick Tune - DDD Europe 2022,q8hwkDyL6Zs,
indu-alagarsamy-autonomy-asynchrony-the-key-to-designing-reliable-systems,2023-02-08,Indu Alagarsamy - Autonomy & Asynchrony: The Key To Designing Reliable Systems,v-7RevY6No4,
indu-alagarsamy-talk-session-evolving-with-the-changing-requirements-the-ddd-dream,2018-01-28,Indu Alagarsamy -  Talk Session: Evolving with the Changing Requirements: The DDD Dream,pk4GrmWtjMk,
indu-alagarsamy-talk-session-practical-ddd-bounded-contexts-events-%e2%86%92-microservices,2019-12-05,Indu Alagarsamy - Talk Session: Practical DDD: Bounded Contexts + Events → Microservices,Nr6jAwOunGM,
information-space-jeremie-chassaing-ddd-europe-2019,2019-11-05,Information Space - Jeremie Chassaing - DDD Europe 2019,WcB9ZvsUc4A,
integrating-bounded-contexts-indu-alagarsamy-ddd-europe-2020,2017-05-26,Integrating Bounded Contexts - Indu Alagarsamy - DDD Europe 2020,3-_0ZcI2SYc,
introducing-ddd-to-your-company-with-barry-o-sullivan,2019-09-24,Introducing DDD to your Company with Barry O Sullivan,Vb7ZwYQPqqQ,
introduction-to-context-mapping-michael-plod-ddd-europe-2022,2018-10-17,Introduction to Context Mapping - Michael Plöd - DDD Europe 2022,k5i4sP9q2Lk,
introduction-to-domain-driven-design-and-collaborative-software-design-kenny-baas-schwegler,2024-09-12,Introduction to Domain-Driven Design and Collaborative software design - Kenny Baas-Schwegler,j5OtL-MhwNw,
is-maybe-an-option-for-modelling-your-domain-roman-sachse-kandddinsky-2019,2021-05-21,Is Maybe an Option (for modelling your domain)? - Roman Sachse - KanDDDinsky 2019,2Dwnv3vdZl8,
is-maybe-an-option-how-to-model-nothing-marco-heimeshoff-ddd-europe-2022,2017-10-19,Is Maybe an Option? How to Model Nothing - Marco Heimeshoff - DDD Europe 2022,MukTvod9OYo,
javier-fernandez-black-ops-ddd-using-the-business-model-canvas,2023-04-14,Javier Fernández - Black Ops DDD Using The Business Model Canvas,M5CbbWmdsFU,
jean-cloutier-talk-session-rethinking-how-my-robots-think-adventures-in-ddd-robotics-part-two,2018-12-11,Jean Cloutier - Talk Session: Rethinking How My Robots Think: Adventures in DDD & Robotics Part Two,v9xDUO_vp8M,
jean-francois-cloutier-modeling-the-mind-of-an-autonomous-robot,2023-03-31,Jean-François Cloutier - Modeling The Mind Of An Autonomous Robot,AKMV8OW9R50,
jean-francois-cloutier-talk-session-robots-modeling-the-minds-of-robots,2018-12-22,Jean-François Cloutier - Talk Session: Robots Modeling the Minds of Robots,mAQytFcWr5c,
jef-claes-evil-by-design,2022-01-05,Jef Claes — Evil by Design,EmMvnB2v1GQ,
jeremie-chassaing-talk-session-ukulele-tabs-in-f,2018-12-14,Jérémie Chassaing - Talk Session: Ukulele Tabs in F#,vgzCApJuR8w,
jeroen-soeters-fast-data-in-supply-chain-planning,2023-04-21,Jeroen Soeters - Fast Data in Supply Chain Planning,UaugV0hyYbY,
jessica-kerr-keynote-the-origins-of-opera-the-future-of-programming,2018-01-28,Jessica Kerr - Keynote: The Origins of Opera & the Future of Programming,nVRUv30coyA,
jim-coplien-symmetry-in-design,2021-12-28,Jim Coplien — Symmetry in Design,FAZ4GjPKmVI,
jimmy-bogard-the-ddd-do-over,2023-04-07,Jimmy Bogard - The DDD Do-Over,_HkCMrbw1cA,
josh-maletz-james-brayton-talk-session-accelerated-learning-with-rapid-prototypes-and-dsls,2019-12-04,Josh Maletz & James Brayton - Talk Session: Accelerated Learning with Rapid Prototypes and DSLs,sGizAn-s5cg,
journey-to-implement-ddd-into-an-organization-javiera-laso-octavio-valenzuela,2023-12-14,Journey to implement DDD into an organization - Javiera Laso &amp; Octavio Valenzuela,IuN278B76g8,
joys-and-pitfalls-of-collaborative-modeling-alberto-brandolini-ddd-europe-2019,2019-12-21,Joys and pitfalls of collaborative modeling - Alberto Brandolini - DDD Europe 2019,VXdvVo5Im6E,
juggling-300-integrations-while-scaling-to-10mil-signals-per-day-christian-folie-daniel-weller,2024-02-26,Juggling 300 integrations while scaling to 10mil. Signals per day - Christian Folie & Daniel Weller,MmruAS3B3D0,
julie-lerman-ddd-with-tlc-evolving-legacy-software-and-legacy-minds,2023-03-29,Julie Lerman - DDD With TLC: Evolving Legacy Software And Legacy Minds,IlAxebJ4E7c,
justin-holmes-talk-session-visualizing-your-event-storm-in-new-ways,2018-01-28,Justin Holmes - Talk Session: Visualizing Your Event Storm in New Ways,MHLFW0VAaS0,
kacper-gunia-talk-session-war-story-how-a-large-corporation-used-ddd-to-replace-a-loyalty-system,2018-12-10,Kacper Gunia - Talk Session: War Story: How a Large Corporation Used DDD to Replace a Loyalty System,a1pRsAi9UVs,
kandddinsky-keynote-2017-alberto-brandolini,2018-10-05,KanDDDinsky Keynote 2017 - Alberto Brandolini,2bDgCCZ2Sy0,
kelsey-gilmore-innis-immutable-data-in-the-real-world,2022-01-01,Kelsey Gilmore-Innis — Immutable Data in the Real World,HhP4dHzjiFo,
keynote-udi-dahan-ddd-europe-2020,2018-12-10,Keynote - Udi Dahan - DDD Europe 2020,-iuMjjKQnhg,
keynote-what-really-matters-jimmy-nilsson-kandddinsky-2019,2021-06-07,Keynote: What really matters - Jimmy Nilsson - KanDDDinsky 2019,gPVWBM0Vh_Q,
language-in-context-eric-evans-ddd-europe-2019,2019-05-14,Language in Context - Eric Evans   - DDD Europe 2019,xyuKx5HsGK8,
laura-savino-talk-session-readable-code,2018-01-28,Laura Savino -  Talk Session: Readable Code,IbOp_e9yh0k,
learning-to-love-ddd-a-tale-of-two-products-chris-simon,2024-02-26,Learning to Love DDD - a Tale of Two Products - Chris Simon,ApDjFCnvsj8,
lessons-from-jerry-weinberg-jon-jagger-ddd-europe-2019,2019-12-21,Lessons from Jerry Weinberg - Jon Jagger - DDD Europe 2019,hyJ7LJPhIWI,
lessons-learned-from-a-cab-drive-about-serverless-camal-cakar-kandddinsky-2018,2019-10-05,Lessons learned from a cab drive about Serverless - Camal Cakar - KanDDDinsky 2018,xz6YHA6Ek2s,
let-your-domain-events-flow-bernd-rucker-martin-schimak-kandddinsky-2017,2018-10-17,Let your domain events flow - Bernd Rücker & Martin Schimak - KanDDDinsky 2017,g2bin2mrjBo,
lets-be-open-about-failure-and-learn-from-it-yves-lorphelin,2020-10-02,Let's be open about failure and learn from it - Yves Lorphelin,a4_wk7aEgaM,
leverage-domain-driven-design-throughout-testing-kenny-baas-schwegler-ddd-europe-2019,2019-12-21,Leverage Domain Driven Design throughout testing - Kenny Baas Schwegler - DDD Europe 2019,3UpB1G6u5ak,
lex-%e5%8b%95%e5%8b%95%e6%89%8b%e6%89%8b%e7%b7%b4%e7%b7%b4-event-sourcing,2022-12-05,Lex - 動動手手練練 Event Sourcing,vzxhA1CheSQ,
linguistics-from-a-man-who-knows-nothing-about-linguistics-nick-tune-ddd-europe-2021,2016-04-18,Linguistics from a man who knows nothing about linguistics - Nick Tune - DDD Europe 2021,52fU-uF0LR4,
live-coding-legacy-live-coding-with-dr-carola-lilienthal,2021-03-23,Live coding - Legacy live coding with Dr. Carola Lilienthal,Ut3H8oh892A,
liz-keogh-cognitive-cynefin-how-language-and-bias-keep-us-complicated,2021-12-29,Liz Keogh — Cognitive Cynefin: How Language and Bias Keep Us Complicated,73uwRe7ctVg,
long-term-impact-of-architectural-design-decision,2022-03-31,Long term impact of architectural design decision,dcSup2me344,
lost-in-bounded-context-translations-with-julie-indu-michael-and-nick,2020-03-17,"Lost in bounded context translations with Julie, Indu, Michael and Nick",u-5sKvh48-g,
lost-in-transaction-bernd-ruecker-ddd-europe-2019,2019-12-21,Lost in transaction  - Bernd Ruecker - DDD Europe 2019,WRR26jJNh68,
make-your-tests-tell-the-story-of-your-domain-anne-landro-mads-opheim-ddd-europe-2019,2019-05-03,Make your tests tell the story of your domain - Anne Landro & Mads Opheim - DDD Europe 2019,e51BkMuZtIc,
make-your-tests-tell-the-story-of-your-domain-mads-opheim-anne-landro-kandddinsky-2019,2021-05-21,"Make your tests tell the story of your domain - Mads Opheim, Anne Landro - KanDDDinsky 2019",j70OLAvs_-8,
make-your-tests-tell-the-story-of-your-domain-with-anne-and-mads,2019-11-12,Make your tests tell the story of your domain with Anne and Mads,7_KZ8_R4oOU,
making-a-difference-by-making-sense-tobias-goeschel,2023-12-07,Making a Difference by Making Sense - Tobias Goeschel,C5AEc19woIo,
managing-domain-knowledge-with-chris-simon,2024-03-14,Managing Domain Knowledge with Chris Simon,uk7hCIRJmW4,
marco-heimeshoff-talk-session-software-development-is-not-about-software,2018-01-28,Marco Heimeshoff - Talk Session: Software Development Is Not About Software,5AcYKhB4hu4,
martin-kleppmann-event-sourcing-and-stream-processing-at-scale,2022-01-02,Martin Kleppmann — Event Sourcing and Stream Processing at Scale,avi-TZI9t2I,
martin-schimak-tackling-complex-event-flows,2023-02-03,Martin Schimak - Tackling Complex Event Flows,_pJGwvVRwpg,
martin-schimak-talk-session-know-the-flow-events-commands-long-running-services,2023-02-06,"Martin Schimak - Talk Session: Know the Flow! Events, Commands & Long-Running Services",uSF5hyfez60,
mathias-verraes-emergent-boundaries,2023-04-05,Mathias Verraes - Emergent Boundaries,ECM1rPYxvD4,
mathias-verraes-talk-session-temporal-modeling,2018-12-06,Mathias Verraes - Talk Session: Temporal Modeling,hh5lskgATCk,
mauro-servienti-talk-session-all-our-aggregates-are-wrong,2018-01-28,Mauro Servienti - Talk Session: All Our Aggregates Are Wrong,KkzvQSuYd5I,
mauro-servienti-talk-session-welcome-to-the-state-machine,2019-12-22,Mauro Servienti - Talk Session: Welcome to the (State) Machine,26xrX113KZc,
meet-the-social-side-of-your-architecture-adam-tornhill-kandddinsky-2019,2019-10-05,Meet the Social Side of Your Architecture - Adam Tornhill - KanDDDinsky 2019,s2hrl9bSG7w,
metaphor-as-boundary-julia-petretta-stuart-curran-ddd-europe-2021,2016-05-30,Metaphor as boundary - Julia Petretta &amp; Stuart Curran - DDD Europe 2021,07J2FAG_B-E,
metaphors-we-code-by-kevlin-henney,2023-12-24,Metaphors We Code By - Kevlin Henney,OqXP3Yepb58,
michael-feathers-keynote-error-elimination-as-a-design-driver,2018-01-28,Michael Feathers - Keynote: Error Elimination as a Design Driver,3RtLCav0Bp4,
mistakes-made-adopting-event-sourcing-and-how-we-recovered-nat-pryce-ddd-europe-2020,2017-08-26,Mistakes made adopting event sourcing (and how we recovered) - Nat Pryce - DDD Europe 2020,osk0ZBdBbx4,
modeling-complex-processes-and-time-with-saga-process-manager-patterns-mariusz-gil,2019-10-05,Modeling complex processes and time with Saga/Process Manager patterns - Mariusz Gil,WvjTCmeGlGA,
modelling-for-mistakes-alexander-langer-ddd-europe-2018,2020-10-14,Modelling for Mistakes - Alexander Langer - DDD Europe 2018,xoo3pbEKxhM,
modelling-inspired-by-brain-sudhakar-moparthy-ddd-europe-2019,2019-07-08,Modelling inspired by brain - Sudhakar Moparthy - DDD Europe 2019,JcSfis_w1kk,
modelling-the-domain-model-with-the-users-mental-model-in-mind-anita-kvamme-ddd-europe-2019,2019-12-21,Modelling the Domain Model with the users mental model in mind - Anita Kvamme - DDD Europe 2019,A1J6pP_qhv4,
modelling-time-eric-evans-ddd-europe-2018,2020-10-14,Modelling Time - Eric Evans - DDD Europe 2018,T29WzvaPNc8,
modelling-universal-values-peter-hilton-ddd-europe-2022,2018-10-15,Modelling universal values - Peter Hilton - DDD Europe 2022,7hoMwLdoqKc,
multiple-models-with-multiple-perspectives-in-a-cross-functional-team-mufrid-krilic,2023-12-02,Multiple Models with Multiple Perspectives in a Cross-Functional Team - Mufrid Krilic,JUNkVv--PBM,
naming-in-ddd-sepehr-namdar-khaled-souf-ddd-eu-2022,2017-10-19,Naming in DDD - Sepehr Namdar &amp; Khaled Souf - DDD EU 2022,KHgftXIlGsY,
nataliya-remez-talk-session-the-journey-to-outcome-oriented-teams,2018-12-12,Nataliya Remez - Talk Session: The Journey to Outcome Oriented Teams,Nvaz_AfHR8I,
new-approach-to-architecture-h-law-montalion-rozinsky-thiyagarajan-young-ddd-europe-2022,2017-10-19,"New Approach to Architecture - H.-Law, Montalion, Rozinsky, Thiyagarajan, Young - DDD Europe 2022",HTzUpNd_7E4,
nick-tune-talk-session-sociotechnical-ddd,2018-12-19,Nick Tune - Talk Session: Sociotechnical DDD,EOof9dof0y0,
nick-tune-talk-session-strategic-autonomous-design-patterns-heuristics,2023-02-10,Nick Tune - Talk Session: Strategic Autonomous Design: Patterns & Heuristics,mEFbjt_87TU,
nicolo-pignatelli-metaphor-driven-design,2023-04-22,Nicolò Pignatelli - Metaphor Driven Design,W48jCt2fImY,
nina-event-storming-%e5%af%a6%e6%88%b0%e7%b6%93%e9%a9%97%e5%88%86%e4%ba%ab,2022-12-17,Nina - Event Storming 實戰經驗分享,86pvMaVyV6Q,
no-code-does-not-mean-no-model-marijn-huizendveld,2023-12-21,No-code does not mean no-model - Marijn Huizendveld,Hzi3oAArryE,
no-you-dont-need-to-access-my-data-alberto-brandolini-ddd-europe-2021,2017-10-19,"No, you don't need to access my data - Alberto Brandolini - DDD Europe 2021",gU-p90-EYSY,
odds-and-endds-vaughn-vernon,2021-12-26,oDDs and enDDs - Vaughn Vernon,4UZZjyQDgT8,
old-school-system-dynamics-in-a-data-science-first-world-wim-debreuck-ddd-europe-2019,2019-08-14,Old School System Dynamics in a Data Science First World - Wim Debreuck - DDD Europe 2019,oK-EVyyC-gM,
one-user-to-bind-them-all-products-teams-and-bounded-contexts,2020-07-29,"One user to bind them all? Products, teams and bounded contexts",wMX9PdRYuRo,
open-sociotechnical-systems-thinking-with-trond-hjorteland,2021-11-22,Open Sociotechnical Systems Thinking with Trond Hjorteland,f9ywr8Mo9k4,
orchestration-and-choreography-with-laila-bougria-udi-dahan,2023-07-26,Orchestration and choreography with Laila Bougria & Udi Dahan,YaEbDVg_z_w,
outcome-mapping-for-flow-engineering-with-steve-pereira,2021-09-01,Outcome Mapping for Flow engineering with Steve Pereira,1XA4bUcgp8Q,
patterns-for-the-people-kevlin-henney,2019-04-02,Patterns for the People - Kevlin Henney,,https://www.ustream.tv/embed/recorded/120901497
paul-rayner-how-agile-can-cripple-effective-design-work-and-what-to-do-about-it,2021-12-29,Paul Rayner — How Agile Can Cripple Effective Design Work (and what to do about it),Bl30X0MvT0I,
paul-rayner-refactoring-to-a-deeper-model,2023-03-08,Paul Rayner - Refactoring to a Deeper Model,vO86vdkv0wM,
paul-rayner-talk-session-modeling-team-flow,2018-12-18,Paul Rayner - Talk Session: Modeling Team Flow,q80FiugsO1Q,
people-and-patterns-andrew-harmel-law-ddd-europe-2021,2017-08-21,People and Patterns - Andrew Harmel Law - DDD Europe 2021,ozB-60pGbDM,
pitching-ddd-to-the-management-michael-plod-kandddinsky-2019,2019-10-04,Pitching DDD to the management - Michael Plöd - KanDDDinsky 2019,bY5Q3LoNPeQ,
pragmatic-approach-to-architecture-metrics-vlad-khononov-sonya-natanzon,2023-12-22,Pragmatic Approach to Architecture Metrics - Vlad Khononov &amp; Sonya Natanzon,RIEdY8gZ4wU,
pragmatic-architecture-how-to-know-when-its-enough,2025-06-17,Pragmatic Architecture: How to Know When It’s Enough,lBr3epMsk-0,
predictive-models-of-development-teams-and-the-systems-they-build-robert-smallshire,2020-10-02,Predictive Models of Development Teams and the Systems They Build - Robert Smallshire,_0hjcq6LAHw,
preparing-for-a-future-microservices-journey-using-wardley-maps-susanne-kaiser-ddd-europe-2020,2018-11-06,Preparing For a Future Microservices Journey Using Wardley Maps - Susanne Kaiser - DDD Europe 2020,csjaxNGF5LQ,
projections-explained-yves-reynhout-ddd-europe-2020,2017-10-26,Projections Explained  - Yves Reynhout - DDD Europe 2020,b2kSlDcAcps,
promise-purpose-why-understanding-promise-theory-can-make-you-better-at-ddd-kiki-carter,2020-10-14,Promise & Purpose: Why understanding Promise Theory can make you better at DDD - Kiki Carter,UvrygFuidGc,
psychologic-safety-in-remote-collaboration-with-gitte-klitgaard,2020-09-29,Psychologic safety in remote collaboration with Gitte Klitgaard,KMvEt18aO5c,
putting-it-all-together-marijn-huizendveld-ddd-europe-2019,2019-11-12,Putting it all together - Marijn Huizendveld - DDD Europe 2019,NLMOxse2EGc,
qa-eric-evans-cyrille-martraire-ddd-europe-2021,2016-05-10,Q&amp;A - Eric Evans &amp; Cyrille Martraire - DDD Europe 2021,MWhs97tUvvw,
readable-code-laura-savino-ddd-europe-2018,2020-10-02,Readable Code - Laura Savino - DDD Europe 2018,vkb9z68nhyo,
rebecca-wirfs-brock-keynote-cultivating-your-design-heuristics,2023-03-22,Rebecca Wirfs-Brock - Keynote: Cultivating Your Design Heuristics,fWCt5KWfTuo,
reductionism-holism-in-ddd-trond-hjorteland-ddd-europe-2021,2017-10-30,Reductionism &amp; Holism in DDD - Trond Hjorteland - DDD Europe 2021,oW5Rk-AEg1A,
refactoring-to-deeper-insight-lessons-learned-applying-ddd-to-large-scale-paul-rayner,2020-10-02,Refactoring to Deeper Insight: Lessons Learned Applying DDD to Large Scale - Paul Rayner,10ixgC8wBLI,
relationships-between-problem-and-solution-space,2021-01-26,Relationship(s) between problem and solution space,xmkjODmaa8k,
reliable-messaging-in-the-world-of-actors-vagif-abilov,2022-03-24,Reliable messaging in the world of actors - Vagif Abilov,QqHFyXYSzZs,
remote-facilitation-with-kirsten-clacey-jay-allen-morris-and-jo-perold,2020-09-22,"Remote facilitation with Kirsten Clacey, Jay-Allen Morris and Jo Perold",hi_DlT_dNg4,
resilience-design-patterns-indu-alagarsamy-kandddinsky-2019,2020-12-28,Resilience Design Patterns - Indu Alagarsamy - KanDDDinsky 2019,3DvtQ_eoOfE,
riding-the-elevator-ddd-in-the-penthouse-michael-plod,2023-12-13,Riding the elevator: DDD in the penthouse - Michael Plöd,OKKMoiC1nqM,
rinat-shagisultanov-talk-session-kicking-over-monoliths-how-ddd-drives-digital-transformation,2018-12-01,Rinat Shagisultanov - Talk Session: Kicking Over Monoliths: How DDD Drives Digital Transformation,Qwn55wbpFVc,
road-movie-architectures-uwe-friedrichsen,2024-02-18,Road-movie architectures - Uwe Friedrichsen,hJRPMUhfEcU,
sacrifice-to-move-on-anton-martynenko-ddd-europe-2019,2019-05-28,Sacrifice to move on - Anton Martynenko - DDD Europe 2019,mkBslgFNr-4,
sandi-metz-talk-session-polly-want-a-message,2018-12-13,Sandi Metz - Talk Session: Polly Want a Message,YtROlyWWhV0,
sara-pellegrini-talk-session-what-cqrs-and-event-sourcing-taught-me-about-ddd,2018-12-20,Sara Pellegrini - Talk Session: What CQRS and Event Sourcing Taught Me About DDD,Zj-GipR1lEA,
scaling-robots-natalia-chechina-ddd-europe-2020,2018-10-26,Scaling robots - Natalia Chechina - DDD Europe 2020,Zj7USrUdulU,
scott-bellware-and-nathan-ladd-the-aggregate-the-cohesion-and-the-cargo-cult,2023-02-22,"Scott Bellware and Nathan Ladd - The Aggregate, The Cohesion, And The Cargo Cult",sb-WO-KcODE,
scott-wlaschin-talk-session-domain-modeling-made-functional,2018-12-15,Scott Wlaschin - Talk Session: Domain Modeling Made Functional,PLFl95c-IiU,
secure-by-domain-driven-design-with-jessica-dan-bergh-and-daniel,2020-04-03,"Secure by Domain-driven design with Jessica, Dan Bergh and Daniel",BpMzn9AxNcw,
sharing-your-systems-knowledge-with-bytesize-architecture-sessions-with-andrea-magnorsky,2022-11-17,Sharing your (Systems) knowledge with Bytesize Architecture Sessions with Andrea Magnorsky,uJ0f8fLU2Vw,
shaun-anderson-talk-session-swift-method-eventstorming-boris-the-spider-and-other-techniques,2018-12-07,"Shaun Anderson - Talk Session: Swift Method: EventStorming, Boris the Spider and Other Techniques",7-fRtd8LUwA,
shifting-from-projects-to-feedback-based-product-dev-practical-tips-and-insights-krisztina-hirth,2023-12-17,Shifting from Projects to Feedback-Based Product Dev: Practical Tips and Insights - Krisztina Hirth,psIZ63m_TSk,
shrinking-transactional-boundaries-domain-driven-design-for-high-traffic-scenarios-robert-baelde,2023-12-25,Shrinking transactional Boundaries: Domain-Driven Design for High Traffic Scenarios - Robert Baelde,TaeKOKzW-Fc,
simplicity-versus-simplification-alexey-zimarev-ddd-europe-2018,2020-10-14,Simplicity versus Simplification - Alexey Zimarev - DDD Europe 2018,UZY9iPcb0FQ,
slow-event-sourcing-reprojections-just-make-them-faster-dennis-doomen,2021-10-14,Slow Event Sourcing reprojections? Just make them faster! - Dennis Doomen,EqVPqInQ6YM,
socio-technical-architecture-with-ora-egozi-barzilai-and-evelyn-van-kelle,2019-07-18,Socio-technical architecture with Ora Egozi-Barzilai and Evelyn van Kelle,YqbXEhO237w,
socio-technical-ddd-essential-social-heuristics-evelyn-van-kelle-ddd-europe-2019,2019-12-21,Socio technical DDD   Essential social heuristics - Evelyn Van Kelle - DDD Europe 2019,FU5wFU6sczI,
sociotechnical-architecture-as-an-enabler-for-product-thinking-eduardo-da-silva-ddd-europe-2021,2016-05-10,Sociotechnical Architecture as an enabler for Product Thinking - Eduardo da Silva - DDD Europe 2021,gTQFmsVkghk,
sociotechnical-systems-design-for-the-digital-coal-mines-trond-hjorteland-ddd-europe-2021,2016-05-30,Sociotechnical Systems Design for the “Digital Coal Mines” - Trond Hjorteland - DDD Europe 2021,zRcnIcaZO_U,
sociotechnical-thomas-ploch-ddd-europe-2019,2019-12-21,Sociotechnical - Thomas Ploch - DDD Europe 2019,zOuVMEibCF0,
soft-skills-for-technical-professionals-by-jacqui-read,2024-02-22,Soft Skills for Technical Professionals by Jacqui Read,DYFKzqLnJmU,
some-underrated-elements-of-success-for-the-modern-programmer-j-b-rainsberger-kandddinsky-2018,2019-10-05,Some Underrated Elements of Success for the Modern Programmer - J. B. Rainsberger - KanDDDinsky 2018,mbcV_Qdb7Ts,
soulful-socio-technical-architecture-marco-consolaro,2023-12-23,Soulful Socio-Technical Architecture - Marco Consolaro,SXDVVddEZbk,
spatial-and-ontological-dimension-of-conways-law-david-west-ddd-europe-2019,2019-12-21,Spatial and Ontological Dimension of Conway’s Law - David West - DDD Europe 2019,P3MWsDeAAGs,
speak-to-me-voice-app-conversation-practices-heather-downing-kandddinsky-2018,2019-10-05,Speak To Me: Voice App Conversation Practices - Heather Downing - KanDDDinsky 2018,XYfTQzWluUc,
splitting-systems-towards-bounded-contexts-and-microservices,2021-01-12,Splitting systems towards bounded contexts and microservices,h-7-lMJ_jdw,
start-with-ddd-when-you-have-a-monolith,2024-02-26,Start with DDD when you have a monolith,-x2CBIFC24o,
stefan-henning-talk-session-how-domain-storytelling-shaped-our-view-of-bounded-contexts,2018-01-28,Stefan & Henning - Talk Session: How Domain Storytelling Shaped Our View of Bounded Contexts,MPQfb7fsw3I,
stephen-tung-the-superpowers-of-event-sourcing,2022-12-19,Stephen Tung - The Superpowers of Event Sourcing,Fhe5-B_SOas,
steven-a-lowe-three-rules-for-domain-driven-design,2023-03-15,Steven A. Lowe - Three Rules for Domain-Driven Design,NXDCkpD74mE,
strategic-autonomous-design-patterns-and-heuristics-nick-tune-kandddinsky-2018,2019-10-05,Strategic Autonomous Design: Patterns and Heuristics - Nick Tune - KanDDDinsky 2018,GQjPaQmK1gU,
strategies-for-introducing-ddd-leading-upwards-and-sideways-christian-horsdal-ddd-europe-2022,2017-10-19,Strategies for introducing DDD: Leading upwards and sideways - Christian Horsdal - DDD Europe 2022,1toIVrL5_sU,
sunddday-discussion-cqrs-event-sourcing-systems-with-alexey-and-marco,2019-08-25,SunDDDay discussion: CQRS & Event Sourcing systems with Alexey and Marco,5e7lhY2q8WQ,
sunddday-discussion-eventstorming-and-user-story-mapping-for-domain-discovery,2019-05-26,SunDDDay discussion: EventStorming and User story mapping for domain discovery,H553KZPCJQk,
sunddday-discussion-growing-your-local-ddd-community,2019-12-01,SunDDDay Discussion: Growing your local DDD community,sXdSjhWNeMg,
sweet-streams-are-made-of-these-caito-scherr-ddd-europe-2021,2016-05-03,Sweet Streams are Made of These - Caito Scherr - DDD Europe 2021,HcdDhmaNTXs,
system-models-made-simple-florin-zalum-ddd-europe-2018,2020-10-14,System Models Made Simple - Florin Zalum - DDD Europe 2018,WNaWaT-cwMc,
systems-are-communication-structures-diana-montalion-ddd-europe-2020,2018-11-27,Systems are communication structures - Diana Montalion - DDD Europe 2020,U_0B-aY_L0c,
systems-thinking-and-the-art-of-simplification-lorraine-steyn-ddd-europe-2020,2018-12-10,Systems Thinking and the Art of Simplification - Lorraine Steyn - DDD Europe 2020,TZRh3n-PTE4,
systems-thinking-by-combining-team-topologies-with-context-maps-michael-plod,2023-09-14,Systems Thinking by combining Team Topologies with Context Maps - Michael Plöd,eg0U21xs7c8,
systems-thinking-intro-with-lorraine-steyn,2024-06-27,Systems Thinking Intro with Lorraine Steyn,rG2Z_j_Zhzg,
systems-thinking-lorraine-steyn-kandddinsky-2018,2019-10-05,Systems Thinking - Lorraine Steyn - KanDDDinsky 2018,fKLzw_cyKNk,
szymon-pobiega-talk-session-messages-on-the-outside-messages-on-the-inside,2019-12-24,"Szymon Pobiega - Talk Session: Messages on the Outside, Messages on the Inside",OgYPm1tIzBU,
tackling-complexity-in-marketing-systems-vlad-khononov-ddd-europe-2018,2020-10-14,Tackling Complexity in Marketing Systems - Vlad Khononov - DDD Europe 2018,JTD3l8_4cjU,
tackling-team-dysfunctions-with-mob-programming-pedro-santos-ddd-europe-2020,2019-01-03,Tackling team dysfunctions with Mob programming - Pedro Santos - DDD Europe 2020,e_-aOHyhE68,
tamed-eventual-consistency-yves-lorphelin-kandddinsky-2018,2019-10-05,Tamed Eventual Consistency - Yves Lorphelin - KanDDDinsky 2018,ED-Va1ZvoQs,
tdd-as-a-design-tool-with-dave-farley,2020-11-10,TDD as a design tool with Dave Farley,VaNaN_j9OCA,
team-evolution-with-ddd-and-dynamic-reteaming-ornela-vasiliauskaite,2024-02-26,Team evolution with DDD and Dynamic Reteaming - Ornela Vasiliauskaitė,joSgTOUy7eQ,
tech-alignment-with-narratives-lothar-schulz-ddd-europe-2021,2016-05-10,Tech alignment with Narratives - Lothar Schulz - DDD Europe 2021,42So7-KyuYk,
technical-coaching-with-the-samman-method-emily-bache-ddd-europe-2022,2017-10-19,Technical Coaching with the Samman method - Emily Bache - DDD Europe 2022,6kq584SbAQI,
technical-debt-isnt-technical-einar-host-ddd-europe-2019,2019-12-21,Technical debt isn't technical - Einar Høst - DDD Europe 2019,d2Ddo8OV7ig,
technology-strategy-what-is-it-and-why-do-we-need-it-scott-millett-ddd-europe-2019,2019-12-21,Technology Strategy  What is it and why do we need it - Scott Millett - DDD Europe 2019,Fg2ydQplM4U,
teddy-%e7%94%a8%e6%a8%a1%e5%bc%8f%e8%aa%9e%e8%a8%80%e8%a7%a3%e5%a3%93%e7%b8%aecqrs%ef%bc%9a%e4%bb%a5ezkanban%e7%b3%bb%e7%b5%b1%e7%82%ba%e4%be%8b,2022-12-17,Teddy - 用模式語言解壓縮CQRS：以ezKanban系統為例,IHHvqacEyz8,
the-aggregate-is-dead-long-live-the-aggregate-sara-pellegrini-milan-savic,2023-12-10,The Aggregate is dead. Long live the Aggregate! - Sara Pellegrini &amp; Milan Savić,MpalYQaKKd4,
the-apocalypse-meme-in-software-barry-o-sullivan-ddd-europe-2019,2019-12-21,The Apocalypse Meme in Software - Barry O  Sullivan - DDD Europe 2019,MQHFNINX1EU,
the-businesscase-for-architecture-niek-van-raaij-ddd-europe-2021,2016-04-11,The businesscase for architecture - Niek Van Raaij - DDD Europe 2021,HjCOfj2imJg,
the-ddd-starter-modelling-process-maxime-sanglan-charlier-ddd-europe-2022,2017-10-19,The DDD Starter Modelling Process - Maxime Sanglan-Charlier - DDD Europe 2022,qeir72soorI,
the-design-of-names-and-spaces-michael-feathers-kandddinsky-2018,2018-10-17,The Design of Names and Spaces - Michael Feathers - KanDDDinsky 2018,KyXAfqv0cjM,
the-distributed-human-system-alan-jefferies-ddd-europe-2021,2016-04-26,The Distributed Human System - Alan Jefferies - DDD Europe 2021,3s143OEsv3k,
the-fractal-geometry-of-software-design-vlad-khononov-ddd-europe-2022,2017-10-10,The Fractal Geometry of Software Design - Vlad Khononov - DDD Europe 2022,1ZyR_tgGTp8,
the-good-the-bad-and-the-ugly-an-event-sourcing-retrospective-dennis-doomen-kandddinsky-2017,2018-10-15,"The Good, The Bad and the Ugly, An Event Sourcing Retrospective - Dennis Doomen - KanDDDinsky 2017",u8Y-_mCuDG4,
the-hard-skills-with-diana-montalion,2022-06-07,The hard skills? with Diana Montalion,QwqNdQSgjeM,
the-human-exploration-of-mars-dr-anita-sengupta-ddd-europe-2019,2019-07-03,The Human Exploration of Mars - Dr. Anita Sengupta - DDD Europe 2019,JgqM850xtwU,
the-human-factor-pursuing-success-and-averting-drift-into-failure-sidney-dekker-ddd-europe-2018,2020-10-14,The human factor: Pursuing success and averting drift into failure - Sidney Dekker - DDD Europe 2018,9fwJ9xgvu3A,
the-importance-of-multiple-perspectives-when-modeling-software-avraham-poupko-ddd-europe-2018,2020-10-14,The importance of multiple perspectives when modeling software - Avraham Poupko - DDD Europe 2018,n-hTQro_yos,
the-innovation-of-cumulative-cultures-and-developer-problem-solving,2025-04-15,The Innovation of Cumulative Cultures and Developer Problem-Solving,wYhX3QxskxQ,
the-invisible-elephant-in-the-room-magali-milbergue,2023-12-19,The invisible elephant in the room - Magali Milbergue,-EazaYhJPVY,
the-journey-to-outcome-oriented-teams-nataliya-remez-ddd-europe-2019,2019-12-21,The Journey to Outcome Oriented Teams - Nataliya Remez - DDD Europe 2019,6WOEFQNDUM4,
the-language-of-actors-vaughn-vernon,2020-10-02,The Language of Actors - Vaughn Vernon,KtRLIzG5c54,
the-mario-kart-guide-to-building-a-career-hannes-lowette,2023-12-05,The Mario Kart&#x2122; guide to building a career - Hannes Lowette,V0bdCA2yb1E,
the-one-question-to-haunt-everyone-what-is-a-ddd-aggregate-thomas-ploch-ddd-europe-2022,2017-10-19,The One Question To Haunt Everyone: What is a DDD Aggregate? - Thomas Ploch - DDD Europe 2022,zlFqjD2LKlE,
the-power-of-personal-engagement-by-rozemarijn-evelien,2023-02-07,The power of personal engagement by Rozemarijn & Evelien,Xof9iz2uOms,
the-role-of-humor-in-software-design-avraham-poupko-ddd-europe-2021,2017-10-26,The Role of Humor in Software Design - Avraham Poupko - DDD Europe 2021,VyuxBwTQ9FU,
the-systemics-of-the-liskov-substitution-principle-romeu-moura-ddd-europe-2018,2020-10-14,The Systemics of the Liskov Substitution Principle - Romeu Moura - DDD Europe 2018,tNpW-V2HXJ0,
the-ultimate-road-trip-roman-sachse,2023-12-01,The Ultimate Road Trip - Roman Sachse,8q6UDAy7oX0,
the-value-of-objects-dymtro-dashenkov-ddd-europe-2020,2019-01-03,The Value of Objects - Dymtro Dashenkov - DDD Europe 2020,YaFczCxnXyA,
thermodynamics-of-software-jeremie-chassaing,2021-12-25,Thermodynamics of Software - Jérémie Chassaing,_ELWaiut-8M,
thinking-out-of-the-box-when-ddd-is-not-enough-tom-janssens-ddd-europe-2020,2019-12-21,Thinking out of the box when DDD is not enough - Tom Janssens - DDD Europe 2020,UYw7Kzk_gdQ,
this-is-not-ddd-youre-looking-for-alexey-zimarev-kandddinsky-2017,2018-10-24,This is not DDD you're looking for - Alexey Zimarev - KanDDDinsky 2017,xegm5DsYADw,
thomas-pierrain-bruno-boucard-how-to-distill-the-core-domain-from-your-legacy-app-live-coding,2022-01-02,Thomas Pierrain & Bruno Boucard - How To Distill The Core Domain From Your Legacy App (Live Coding),mZzPwt9vhHM,
thriving-in-complexity-trond-hjorteland,2024-02-26,Thriving in complexity - Trond Hjorteland,SV5cy6J-7vI,
time-based-domain-events-quickly-konrad-jakubiec-ddd-europe-2021,2017-10-30,Time-based domain events quickly - Konrad Jakubiec - DDD Europe 2021,QhcPk5zNk_Q,
timeless-design-in-a-cloud-native-world-uwe-friedrichsen-kandddinsky-2018,2018-10-24,Timeless design in a cloud native world - Uwe Friedrichsen - KanDDDinsky 2018,-zW9y1rg9Pk,
to-ddd-or-not-to-ddd-domain-modelling-case-study-weronika-labaj-ddd-europe-2022,2017-10-10,To DDD or not to DDD? Domain modelling case study - Weronika Łabaj - DDD Europe 2022,X5_VIi3K7aA,
to-ddd-or-not-to-ddd-what-to-do-if-your-domain-is-boring-weronika-labaj,2020-10-02,To DDD or not to DDD? What to do if your domain is boring? — Weronika Łabaj,h6WvetICeo4,
transforming-business-models-in-the-pandemic-with-zsofia-herendi,2021-02-16,Transforming business models in the pandemic with Zsofia Herendi,uaRYe_bNsMg,
trevor-conn-talk-session-dddecomposing-the-monolith-a-personal-anecdote,2023-04-26,Trevor Conn - Talk Session: DDDecomposing the Monolith: A Personal Anecdote,vEXkpcy31EY,
trying-out-online-eventstorming,2020-01-21,Trying out online EventStorming,CbPEibNUe0s,
turn-your-startup-in-a-stayup-with-ddd-marijn-huizendveld,2021-12-26,Turn your startup in a stayup with DDD — Marijn Huizendveld,E8QAa55tCtw,
ubiquitous-language-in-negotiations-jacopo-romei-ddd-europe-2019,2019-12-21,Ubiquitous language in negotiations - Jacopo Romei  - DDD Europe 2019,uh9XeOBq0uQ,
udi-dahan-ask-me-anything,2021-03-10,Udi Dahan - Ask me Anything,c07zWlLBvVg,
udi-dahan-if-domain-logic-then-cqrs-or-saga,2020-10-02,"Udi Dahan - If (domain logic) then CQRS, or Saga?",fWU8ZK0Dmxs,
ultra-large-scale-systems-prof-david-west-ddd-europe-2018,2020-10-14,Ultra-Large Scale Systems - Prof. David West - DDD Europe 2018,0qpUifmxlsA,
uncompromised-agile-is-safer-and-better-for-regulated-medical-products-nancy-van-schooenderwoert,2019-08-29,Uncompromised Agile is Safer and Better for Regulated Medical Products - Nancy Van Schooenderwoert,Lw3RKu_kAww,
vaughn-vernon-reactive-ddd-modeling-uncertainty,2023-03-03,Vaughn Vernon - Reactive DDD: Modeling Uncertainty,TPctjavH_Zw,
virtual-lean-coffee-fishbowl-ux-ddd-and-bdd,2020-01-16,"Virtual Lean Coffee Fishbowl: UX, DDD and BDD",QelbEUblpLo,
virtual-lean-coffee-fishbowl-ux-ddd-and-bdd-take-2,2020-06-17,"Virtual Lean Coffee Fishbowl: UX, DDD and BDD - take 2",wF0OHhVELyo,
visual-and-collaborative-modelling-kenny-baas-schwegler-ddd-europe-2020,2017-06-02,Visual and Collaborative Modelling - Kenny Baas-Schwegler  - DDD Europe 2020,5RrEzJM5bdw,
visualizing-cloud-systems-lynn-langit-kandddinsky-2019,2021-05-10,Visualizing Cloud Systems - Lynn Langit - KanDDDinsky 2019,DJdydx4g0v4,
vladik-khononov-tackling-complexity-in-large-scale-marketing-systems,2023-05-01,Vladik Khononov- Tackling Complexity In Large-Scale Marketing Systems,k2LazT39-8Y,
want-to-make-your-first-domain-model-behavior-driven-development-anita-kvamme-ddd-europe-2022,2017-10-28,Want to make your first Domain Model? Behavior Driven Development - Anita Kvamme - DDD Europe 2022,bUyTTunxTqQ,
ward-cunningham-keynote-observation-of-emergent-schema-in-organized-development,2023-04-28,Ward Cunningham - Keynote: Observation of Emergent Schema in Organized Development,oPJIXPC_vn8,
wei-wang-david-talk-session-ddd-in-china-with-large-scale-legacy-systems,2018-12-05,"Wei Wang (David) - Talk Session: DDD in China, with Large Scale Legacy Systems",xbGoK-mkSkM,
what-can-we-learn-from-open-source-with-matteo-collina,2020-08-04,What can we learn from open-source with Matteo Collina,F4SwUssweGY,
what-do-you-mean-by-is-duncan-jones-ddd-europe-2021,2016-05-23,What do you mean by “is”? - Duncan Jones - DDD Europe 2021,eD7ls4KynRo,
what-if-your-domain-expert-isnt-telling-the-truth-vijay-patel-ddd-europe-2019,2019-10-19,What if your Domain Expert isn't telling the truth - Vijay Patel - DDD Europe 2019,_ywo3XjNm8A,
what-is-an-aggregate-with-thomas-ploch,2019-11-06,What is an aggregate with Thomas Ploch,7h3DqZmvF9A,
what-is-ddd-eric-evans-ddd-europe-2019,2019-12-21,What is DDD - Eric Evans - DDD Europe 2019,pMuiVlnGqjk,
what-is-ddd-in-1-slide-javiera-laso,2016-05-23,What is DDD in 1 slide - Javiera Laso,qbQMe3Yyszo,
what-is-stopping-us-a-legacy-code-question-lorraine-steyn,2023-12-26,What is stopping us? A legacy code question - Lorraine Steyn,_rWKJI80o6Q,
what-makes-you-a-ddder,2020-11-24,What makes you a DDD'er?,ArK5Ckid-sY,
what-writing-a-book-taught-us-about-collaborative-modeling,2022-03-07,What writing a book taught us about collaborative modeling,HbyTUrblaN4,
when-customers-dont-share-a-language-modelling-deep-dive-chris-simon,2023-12-20,When Customers don't share a language: Modelling Deep Dive - Chris Simon,fHBgJnTFSrk,
when-to-invest-in-strategic-design-and-when-in-tactical-design,2021-11-02,When to invest in Strategic design and when in Tactical design,6hvuLjQpfx4,
when-we-lose-sight-of-our-domain-carola-lilienthal-ddd-europe-2019,2019-12-21,When we lose sight of our domain - Carola Lilienthal - DDD Europe 2019,TfNRB0Urhd0,
why-do-hotel-bathrooms-lack-toothpaste-romeu-moura-ddd-europe-2019,2019-12-21,Why do hotel bathrooms lack toothpaste  - Romeu Moura - DDD Europe 2019,92Pq4-e0QyI,
woman-founders-of-it-oana-juncu-ddd-europe-2020,2018-06-22,Woman founders of IT - Oana Juncu - DDD Europe 2020,2UugSqcVM68,
work-produce-people-the-far-reaching-effects-of-organisational-design-trond-hjorteland,2023-12-18,Work Produce People - The Far Reaching Effects of Organisational Design - Trond Hjorteland,5nFuWVoRvqk,
you-cant-fight-conways-law-avraham-poupko,2020-10-02,You can’t fight Conway’s law —  Avraham Poupko,BDagiC8Sw48,
you-dont-need-an-event-sourcing-framework-or-do-you-alexey-zimarev,2022-01-03,You don't need an Event Sourcing framework. Or do you? - Alexey Zimarev,qYGKqm7CmFM,
yves-reynhout-trench-talk-evolving-a-model,2023-03-24,Yves Reynhout - Trench Talk: Evolving a Model,7StN-vNjRSw,
yves-reynout-amongst-models,2022-01-01,Yves Reynout — Amongst Models,4TWGRewQdyI,
zero-to-progress-kevin-lucke-ddd-europe-2020,2018-08-14,Zero to Progress - Kevin Lucke - DDD Europe 2020,zxfYfvUxRds,
